time,flux [mJy],error
0.0,3.300212637831239e-27,0.023158154484867036
1.0,3.3249329575287705e-27,0.027266369162544952
2.0,3.367818480880596e-27,0.06108185053411291
3.0,3.4288692078867175e-27,0.06305083351228039
4.0,3.478477984614819e-27,0.018616539500078286
5.0,3.4866073393009236e-27,0.03528381902563827
6.0,3.453257271945031e-27,0.027496365438819066
7.0,3.476108886759725e-27,0.07037864059684204
8.0,3.482882216210205e-27,0.012356434549095172
9.0,3.473577260296472e-27,0.009983048878269535
10.0,3.465762228442998e-27,0.03207122743789502
11.0,3.465433137115793e-27,0.10411492358888857
12.0,3.472589986314858e-27,0.052863902455220324
13.0,3.471948242745325e-27,0.012154884237443563
14.0,3.4902974473943804e-27,0.04838578647500344
15.0,3.527637600262022e-27,0.013942041941436832
16.0,3.544505184429782e-27,0.0028897054848267866
17.0,3.552021378157499e-27,0.033733666186333576
18.0,3.550186181445173e-27,0.0384391397958785
19.0,3.5577078810299156e-27,0.008550092076820509
20.0,3.563594463949042e-27,0.011541246602574317
21.0,3.5678459302025505e-27,0.07004453948706306
22.0,3.605687001272956e-27,0.07827713091507368
23.0,3.618710394696303e-27,0.11449682418812457
24.0,3.60691611047259e-27,0.05987923483565234
25.0,3.6102619812942145e-27,0.038286645582500445
26.0,3.596676445398993e-27,0.08029625618415956
27.0,3.566159502786922e-27,0.03465877420051371
28.0,3.48671281756348e-27,0.03007505731521576
29.0,3.454140142013198e-27,0.07818655457338959
30.0,3.4684414761360774e-27,0.017926272302674986
31.0,3.4887075517740264e-27,0.08673384463175182
32.0,3.485587848735652e-27,0.021361189971655647
33.0,3.459082367020955e-27,0.0328646142550451
34.0,3.5201433253936415e-27,0.036041142483951606
35.0,3.5269241123981186e-27,0.02085205687510638
36.0,3.479424728034389e-27,0.08492532264465698
37.0,3.475887945494139e-27,0.030349192027888907
38.0,3.4689933888018936e-27,0.009928714106991423
39.0,3.458741057957652e-27,0.06700507401248242
40.0,3.498444027296033e-27,0.007744332234340809
41.0,3.537025891782199e-27,0.05532371908540421
42.0,3.5744866514161485e-27,0.06825533475403887
43.0,3.57346962313325e-27,0.06469155257709573
44.0,3.575692574154256e-27,0.005641861864225834
45.0,3.5811555044791685e-27,0.020762025157320993
46.0,3.549870922691276e-27,0.09315978587220539
47.0,3.5029057588777035e-27,0.03499028898855013
48.0,3.440260013038452e-27,0.03927139696461377
49.0,3.425578895225885e-27,0.03872434397453421
50.0,3.4182801674987416e-27,0.055150496277573915
51.0,3.418363829857021e-27,0.03407660485648683
52.0,3.4495734895915986e-27,0.03383347149089958
53.0,3.4802198624109545e-27,0.036313670026185456
54.0,3.5103029483150885e-27,0.008526721776696672
55.0,3.494004238777558e-27,0.07544289355700287
56.0,3.479020621121315e-27,0.07388074322548975
57.0,3.46535209534636e-27,0.002932402235974663
58.0,3.4301935478052315e-27,0.05503476975809607
59.0,3.389830678136771e-27,0.037101809658155065
60.0,3.34426348634098e-27,0.08293873383587905
61.0,3.2908633600554506e-27,0.006026226119833375
62.0,3.290732385816745e-27,0.00010046993320860017
63.0,3.343870563624865e-27,0.11106415095695328
64.0,3.3251555699858476e-27,0.05167024168446016
65.0,3.307573102812071e-27,0.03583890384798311
66.0,3.2911231621035356e-27,0.03837667396728228
67.0,3.251226964215409e-27,0.02114878377051475
68.0,3.2409564115438795e-27,0.09271464426733866
69.0,3.260311504088948e-27,0.008976003894877009
70.0,3.210158247187451e-27,0.019752576366136858
71.0,3.1805655835975986e-27,0.008969283216378994
72.0,3.1715335133193914e-27,0.013387579050378441
73.0,3.1428053983966884e-27,0.010729517736103398
74.0,3.1328073897261135e-27,0.049419645200005566
75.0,3.1415394873076665e-27,0.03047952723505253
76.0,3.1241637944412795e-27,0.04201783363228441
77.0,3.097169468849438e-27,0.13636360690561838
78.0,3.0605565105321423e-27,0.12920110776206245
79.0,3.057718465263812e-27,0.021437354183191343
80.0,3.061510604341864e-27,0.042229455380106695
81.0,3.071932927766297e-27,0.026990697555210094
82.0,3.0717624434365725e-27,0.006053550090945275
83.0,3.075012251236449e-27,0.04689128417725141
84.0,3.081682351165926e-27,0.01658992945242965
85.0,3.0611327762889914e-27,0.0549804971559433
86.0,3.0446234812312042e-27,0.002079750721530014
87.0,3.0321544659925647e-27,0.016196550147194705
88.0,3.0108355214884907e-27,0.016976834729606743
89.0,2.9941596678953776e-27,0.031681402784568324
90.0,2.982126905213225e-27,0.03595800748267461
91.0,2.957069771496598e-27,0.03879878991062499
92.0,2.918907084650644e-27,0.008544975070582382
93.0,2.8676388446753635e-27,0.17401653383906152
94.0,2.8720689515820657e-27,0.04603410300197168
95.0,2.8680827223279935e-27,0.02024275648262766
96.0,2.8556801569131467e-27,0.05377748386187351
97.0,2.8077996770446324e-27,0.044141689152997515
98.0,2.7904940356778248e-27,0.029787139847558958
99.0,2.803763232812723e-27,0.10641901228853022
100.0,2.777187330085411e-27,0.025052044014451783
101.0,2.7646478922848755e-27,0.02190400108688487
102.0,2.766144919411116e-27,0.0072571134083808195
103.0,2.787252911993242e-27,0.0027413481268031776
104.0,2.7995568165196117e-27,0.03973290699887382
105.0,2.8030566329902247e-27,0.07869095832533704
106.0,2.8358065200424985e-27,0.02119156583848968
107.0,2.8339827796220283e-27,0.0568905777529812
108.0,2.7975854117288143e-27,0.11701174628233793
109.0,2.8090096896823716e-27,0.013105788236735956
110.0,2.8046209742142757e-27,0.029623347558924637
111.0,2.7844192653245263e-27,0.03208446816706613
112.0,2.7590325437694056e-27,0.004997434899964952
113.0,2.7380058648016147e-27,0.003967414015335667
114.0,2.7213392284211536e-27,0.06046676727604568
115.0,2.7125894755030934e-27,0.030910522569030454
116.0,2.7092131645710813e-27,0.006114427304052138
117.0,2.711210295625117e-27,0.05741607793230377
118.0,2.6777888189732347e-27,0.06265046275446566
119.0,2.6744772653980997e-27,0.041682089287106844
120.0,2.701275634899712e-27,0.029267765863933204
121.0,2.7151886013990217e-27,0.0430927273001018
122.0,2.7000194086993653e-27,0.0506181294082366
123.0,2.6557680568007424e-27,0.013549888590416549
124.0,2.6996282469724997e-27,0.05904456665107225
125.0,2.7491726820609013e-27,0.05333395255572827
126.0,2.8044013620659465e-27,0.027050999984484903
127.0,2.838283473250925e-27,0.01209005698511123
128.0,2.8523030106793986e-27,0.0032522723870016396
129.0,2.846459974351368e-27,0.06843723732617456
130.0,2.8148568791309344e-27,0.03321962456293447
131.0,2.814212779179605e-27,0.06117998184295027
132.0,2.844527674497379e-27,0.06153085356926276
133.0,2.8322865296684217e-27,0.018551446090260316
134.0,2.843665976528371e-27,0.11815245203415532
135.0,2.8786660150772284e-27,0.004117911998514054
136.0,2.883915422685173e-27,0.06796278610139221
137.0,2.9002731518525393e-27,0.0013038889663421723
138.0,2.9277392025793262e-27,0.021673235410680936
139.0,2.936947915912582e-27,0.011795004167417017
140.0,2.95118492300593e-27,0.08295294403679887
141.0,2.970450223859371e-27,0.0335447701755944
142.0,2.9693446621337614e-27,0.051870594463758905
143.0,2.9939731652240254e-27,0.029473136459707158
144.0,3.044335733130163e-27,0.006951479332178697
145.0,3.046102951616327e-27,0.023062797600366166
146.0,3.0518475620478233e-27,0.05790749336672079
147.0,3.0615695644246525e-27,0.03189608103416675
148.0,3.114122225212283e-27,0.02616939179985004
149.0,3.119585551486616e-27,0.012267618571974843
150.0,3.077959543247651e-27,0.03343333468861195
151.0,3.0389968447222763e-27,0.013647707142063368
152.0,3.0326924794013714e-27,0.002914380072458131
153.0,3.059046447284936e-27,0.00820702796670414
154.0,3.0230339681374547e-27,0.1334677193936423
155.0,3.0323721938579022e-27,0.035874923723969186
156.0,3.087061124446279e-27,0.05544341094039972
157.0,3.0728718591528455e-27,0.026647867141875482
158.0,3.0539168886127753e-27,0.0022227876684390506
159.0,3.030196212826069e-27,0.02954199938856017
160.0,3.08411502811413e-27,0.08502617869635642
161.0,3.131347885466913e-27,0.007045393349625524
162.0,3.171894784884417e-27,0.05834931897185646
163.0,3.2232470359571516e-27,0.03414940884684733
164.0,3.260403846116008e-27,0.008729590946427952
165.0,3.283365215360986e-27,0.014323729550137942
166.0,3.254870805539053e-27,0.09167525991076665
167.0,3.2666825717533036e-27,0.023992271862783812
168.0,3.318800514003737e-27,0.0177802272003493
169.0,3.307259495061838e-27,0.02633865873980943
170.0,3.311290165761217e-27,0.023008611398571757
171.0,3.330892526101875e-27,0.029355391839036613
172.0,3.3544921151561406e-27,0.0028977204667430243
173.0,3.361997781194648e-27,0.052874298074848475
174.0,3.353409524217396e-27,0.04849538603297386
175.0,3.367199758026287e-27,0.0073728071564128795
176.0,3.385385162823314e-27,0.04609161794028822
177.0,3.407965738608475e-27,0.059474419160808735
178.0,3.414497737686321e-27,0.03033371680763306
179.0,3.399609015252042e-27,0.04120225664842036
180.0,3.363299571305638e-27,0.030681128652979096
181.0,3.367868446430131e-27,0.03203462307948328
182.0,3.387313857187503e-27,0.06349526334899223
183.0,3.4216358035777535e-27,0.039858563811514106
184.0,3.397033662503798e-27,0.03873169050635372
185.0,3.380453809772559e-27,0.04720183754511822
186.0,3.3718962453840365e-27,0.0006652593747980321
187.0,3.3551503601760406e-27,0.016328464731098707
188.0,3.371595164256653e-27,0.057257291434426795
189.0,3.421230657625872e-27,0.13496031596360678
190.0,3.436248057806942e-27,0.0573583554385381
191.0,3.4473511192443654e-27,0.0826341108187964
192.0,3.454539841938143e-27,0.008183273150328413
193.0,3.427530589833808e-27,0.0377895428622341
194.0,3.419631024908482e-27,0.05356200758307102
195.0,3.430841147162162e-27,0.045290104650673214
196.0,3.406763044094269e-27,0.030080695808375975
197.0,3.393041085714694e-27,0.09142063521339024
198.0,3.389675272023439e-27,0.08544348166915436
199.0,3.366991944501975e-27,0.007194799694397701
200.0,3.36344142143642e-27,0.04871719943979039
201.0,3.379023702826775e-27,0.05877832462693849
202.0,3.391553598372268e-27,0.03426723316727059
203.0,3.392645218819457e-27,0.04902570248568323
204.0,3.382298564168343e-27,0.03663384159000504
205.0,3.3895722384157386e-27,0.03390924220239484
206.0,3.375229517325368e-27,0.04859022057613965
207.0,3.33927040089723e-27,0.07093923929604462
208.0,3.292136019786942e-27,0.07957894232401659
209.0,3.27322019641186e-27,0.0819296611804628
210.0,3.282522930771985e-27,0.034099525131446054
211.0,3.2838265994142414e-27,0.04724834630065223
212.0,3.291911017206033e-27,0.10985917790566752
213.0,3.30677618414736e-27,0.030567955711496182
214.0,3.37215693654773e-27,0.059104253825211145
215.0,3.416356055249502e-27,0.01844995105404137
216.0,3.4393735402526775e-27,0.0775663834758105
217.0,3.40832522919682e-27,0.02953388403355103
218.0,3.406851061108985e-27,0.023835608226037367
219.0,3.434951035989171e-27,0.041016565043409885
220.0,3.392249812725615e-27,0.054440130093829586
221.0,3.36214660531648e-27,0.05790723968154568
222.0,3.3446414137617655e-27,0.07779073634193621
223.0,3.338714920254141e-27,0.05697620806635802
224.0,3.358637072682355e-27,0.04435369758640966
225.0,3.404407871046406e-27,0.009294912374418561
226.0,3.378468007163897e-27,0.013485290754303934
227.0,3.351476385425136e-27,0.04548182783100512
228.0,3.323433005830121e-27,0.015347593077867597
229.0,3.316774775569298e-27,0.06079810505001131
230.0,3.301962144675546e-27,0.012322379161037011
231.0,3.2789951131488625e-27,0.019314766450570342
232.0,3.308146018991305e-27,0.016123719263935642
233.0,3.3051713039847776e-27,0.01222025332144113
234.0,3.2700709681292784e-27,0.03412342215581691
235.0,3.233370361168256e-27,0.004995603942820579
236.0,3.2071406368513e-27,0.03401235688850575
237.0,3.191381795178412e-27,0.059190520646102356
238.0,3.1740381467967082e-27,0.02816069896250168
239.0,3.191962700414239e-27,0.03185696570803318
240.0,3.245155456031004e-27,0.051265520224163086
241.0,3.269399590394339e-27,0.017356940597030062
242.0,3.281030259000383e-27,0.07105554728632395
243.0,3.280047461849135e-27,0.015795811122763303
244.0,3.241019397750581e-27,0.02873118797880026
245.0,3.232185175558359e-27,0.007318782182726781
246.0,3.25354479527247e-27,0.025997355708011774
247.0,3.2212242620450424e-27,0.02190642097746165
248.0,3.181176556623438e-27,0.04719999108186615
249.0,3.1334016790076567e-27,0.055851524596431945
250.0,3.1653197894004514e-27,0.0806113014954998
251.0,3.1844518054125484e-27,0.07884816494567472
252.0,3.190797727043947e-27,0.06953569836738074
253.0,3.2145828189752074e-27,0.05999779702105456
254.0,3.2295208761582177e-27,0.06511183460064082
255.0,3.235611898592977e-27,0.03170330898852572
256.0,3.2572371710788454e-27,0.004979799954643509
257.0,3.256900748745573e-27,0.08199975533701076
258.0,3.2346026315931585e-27,0.030597499591540445
259.0,3.2014243676185997e-27,0.006903820644376915
260.0,3.193280620524362e-27,0.031188137941382862
261.0,3.210171390310445e-27,0.055083412171126944
262.0,3.1838492895149087e-27,0.09678221705867543
263.0,3.159311168437457e-27,0.028173053711174758
264.0,3.136557027078088e-27,0.023246534924025584
265.0,3.1208171455049135e-27,0.02844725029194491
266.0,3.1120121783409497e-27,0.034532071713986826
267.0,3.1101421255861977e-27,0.052140221997408344
268.0,3.0975244245408814e-27,0.04908125927591375
269.0,3.070175344865573e-27,0.004720402976667094
270.0,3.0280948865602707e-27,0.04512771951388998
271.0,3.0076394346946664e-27,0.04966140454710922
272.0,2.9643940317547607e-27,0.036236370192756176
273.0,2.8983586777405532e-27,0.08030292756523721
274.0,2.9155594387935528e-27,0.030260996213749603
275.0,2.9003950900778285e-27,0.0037301294345307074
276.0,2.85286563159338e-27,0.013463972860344628
277.0,2.820244333081023e-27,0.004181179655640944
278.0,2.804549574387717e-27,0.03147421224214033
279.0,2.8057813555134607e-27,0.011774652960431665
280.0,2.7840533593273706e-27,0.017445582980742058
281.0,2.7955147427996747e-27,0.07454859397430222
282.0,2.8401655059303723e-27,0.11282578351054978
283.0,2.802167702369466e-27,0.05500586550536646
284.0,2.7869692280375953e-27,0.005958293411362609
285.0,2.7945700829347603e-27,0.014868765004911586
286.0,2.793214889321843e-27,0.03401413205843825
287.0,2.775508013074102e-27,0.024145137938295806
288.0,2.741449454191537e-27,0.0338531442977161
289.0,2.7567597365793207e-27,0.043964226787136046
290.0,2.761922829427146e-27,0.02511137290421596
291.0,2.756938732735013e-27,0.023403294440616527
292.0,2.7793467902446953e-27,0.002620613648694047
293.0,2.8023902537852792e-27,0.060092684136656964
294.0,2.8260691233567646e-27,0.0600861272223605
295.0,2.8883374583696893e-27,0.010789188801946584
296.0,2.9383084027354244e-27,0.03417748419591247
297.0,2.9759819564539703e-27,0.02515987847564148
298.0,2.9638342638339202e-27,0.042877484015047984
299.0,2.953629466711461e-27,0.039905516140766484
300.0,2.945367565086593e-27,0.06524091557264446
301.0,2.976000096386128e-27,0.05453119432992279
302.0,3.000036630183443e-27,0.10533859141645839
303.0,3.0174771664785374e-27,0.013507910406065544
304.0,3.034301626560255e-27,0.006778845705723004
305.0,3.0183310561540206e-27,0.009643200146190328
306.0,2.969565455259834e-27,0.035077655520478805
307.0,2.967456504275798e-27,0.012907543104484366
308.0,2.9550153670056353e-27,0.002259387895260129
309.0,2.932242043449346e-27,0.04145158681700483
310.0,2.9392046378968355e-27,0.12460787188913136
311.0,2.9406527901463138e-27,0.03377608161660142
312.0,2.9365865001977817e-27,0.03119926959144317
313.0,2.9617867474982777e-27,0.09540358499301688
314.0,2.978265656576159e-27,0.012994819903688141
315.0,2.986023227431425e-27,0.1013140280468698
316.0,3.0072984068471975e-27,0.03336185984156794
317.0,3.010310681608304e-27,0.009639471674371076
318.0,2.995060051714745e-27,0.029676034010132264
319.0,2.966109608420834e-27,0.06453110665068892
320.0,2.945050881987961e-27,0.05651740148112849
321.0,2.9318838724161247e-27,0.09106433615670032
322.0,2.930242319431945e-27,0.008138134846667281
323.0,2.9343503948537943e-27,0.03840523137423296
324.0,2.9442080986816727e-27,0.013141618801309644
325.0,3.0084594733456617e-27,0.009414838686868867
326.0,3.0390299140128035e-27,0.023206936763385255
327.0,3.0359194206830974e-27,0.05582715974507514
328.0,3.006358489845206e-27,0.0006194010298499698
329.0,2.9857874845576622e-27,0.059123128325629264
330.0,2.9742064048204663e-27,0.02817895765789845
331.0,2.9593342835354417e-27,0.020472529441527207
332.0,2.9582337774793718e-27,0.02749735044394602
333.0,2.9709048866522575e-27,0.03365266410568328
334.0,2.92483384824543e-27,0.05692459080115955
335.0,2.9022430526995466e-27,0.0015936719225321438
336.0,2.9031325000146078e-27,0.02624847989132291
337.0,2.906715471368108e-27,0.04782133263113311
338.0,2.911376876227374e-27,0.009148675844428878
339.0,2.9171167145924067e-27,0.04242130496535879
340.0,2.8987562104063388e-27,0.009247620740669945
341.0,2.885697427809343e-27,0.030583828507534536
342.0,2.87794036680142e-27,0.020200347326767676
343.0,2.8358834964413665e-27,0.056282616522629336
344.0,2.8075288061805543e-27,0.06603609139583852
345.0,2.7928762960189824e-27,0.10242695969840035
346.0,2.776937000360832e-27,0.010111221078356719
347.0,2.774975231734388e-27,0.05298676028869827
348.0,2.7869909901396495e-27,0.06157978012621912
349.0,2.75331528746943e-27,0.018713305715558955
350.0,2.7478872078570602e-27,0.07332240176576142
351.0,2.7707067513025405e-27,0.051307211995705496
352.0,2.813967775288547e-27,0.04722782143413884
353.0,2.8053528385348755e-27,0.03605114694885006
354.0,2.7448619410415267e-27,0.016653847863996624
355.0,2.757337128787364e-27,0.0576023897183089
356.0,2.773381215282754e-27,0.001714467715645569
357.0,2.7929942005276972e-27,0.005527668587104493
358.0,2.7743129516796635e-27,0.059866786750985605
359.0,2.759207203389436e-27,0.017087096631418563
360.0,2.747676955657014e-27,0.041100786881239304
361.0,2.7439270958113912e-27,0.038863775413333294
362.0,2.7378064579280013e-27,0.07843347461833325
363.0,2.729315042006844e-27,0.08011343606910193
364.0,2.7205847831201008e-27,0.08171021172078188
365.0,2.6920886927231528e-27,0.047001510319391926
366.0,2.6438267708160006e-27,0.024006562056518497
367.0,2.6780317401699375e-27,0.006685387685061471
368.0,2.711008914491304e-27,0.000940518265668476
369.0,2.7427582937800996e-27,0.00371452519005462
370.0,2.71931884164102e-27,0.03732896190152949
371.0,2.686534596391176e-27,0.050702555590949085
372.0,2.6444055580305665e-27,0.0871664080019713
373.0,2.6603101301813515e-27,0.011626087579405132
374.0,2.660238324159397e-27,0.014170906189943995
375.0,2.644190139964703e-27,0.04102351222457817
376.0,2.6491080977879858e-27,0.062231754815949496
377.0,2.6473161981433816e-27,0.010312663237564761
378.0,2.6388144410308895e-27,0.042406383482602526
379.0,2.6596979168735697e-27,0.044260961715248404
380.0,2.6805216541559603e-27,0.04456389299806646
381.0,2.701285652878062e-27,0.01541545134875824
382.0,2.6806713849656197e-27,0.09301970022526011
383.0,2.650629742208747e-27,0.0179510214346712
384.0,2.6111607246074433e-27,0.007314841099704546
385.0,2.5663089600754964e-27,0.04081583589560102
386.0,2.5534706961256413e-27,0.06890949014818248
387.0,2.572645932757877e-27,0.0259910949641693
388.0,2.5394773601682836e-27,0.034238144191250215
389.0,2.5163616395790524e-27,0.0436211544652407
390.0,2.5032987709901842e-27,0.014355496873286307
391.0,2.4877748624686145e-27,0.0048387346525420585
392.0,2.4802098530284455e-27,0.0009579156318714904
393.0,2.4806037426696768e-27,0.02953740801840013
394.0,2.4263965876420214e-27,0.0795215388902685
395.0,2.4032613310029902e-27,0.06985156485889114
396.0,2.4111979727525833e-27,0.010879395230339595
397.0,2.4287666570393803e-27,0.039437777558593144
398.0,2.4399351855919082e-27,0.04262856078554486
399.0,2.444703558410167e-27,0.04546635252514694
400.0,2.4378499573117605e-27,0.05612109061700148
401.0,2.4369480627779145e-27,0.10691750415021357
402.0,2.4419978748086287e-27,0.04324656202081418
403.0,2.455739130909435e-27,0.044119353411170466
404.0,2.423447482529678e-27,0.055244064588113456
405.0,2.3451229296693575e-27,0.047813353115258195
406.0,2.404645235428864e-27,0.041928707620575635
407.0,2.4411730225763492e-27,0.07309589641127164
408.0,2.4547062911118135e-27,0.007897573815592382
409.0,2.4378862291321525e-27,0.010606845600988462
410.0,2.424940729144211e-27,0.06113784207222354
411.0,2.4158697911479894e-27,0.028711374138550114
412.0,2.4325329414619524e-27,0.0017981953725312656
413.0,2.440273498008542e-27,0.23299764836994785
414.0,2.4390914607877585e-27,0.004892778141161548
415.0,2.3824297460582287e-27,0.04386434000044853
416.0,2.385403128152638e-27,0.04626957449899502
417.0,2.4480116070709865e-27,0.0795346837895291
418.0,2.446942325045426e-27,0.015934437856361294
419.0,2.4622646358481252e-27,0.0398364961123539
420.0,2.4939785394790844e-27,0.054628302421093046
421.0,2.475743082250918e-27,0.006780132957162794
422.0,2.489894488507173e-27,0.135619153287
423.0,2.536432758247849e-27,0.03611934593631124
424.0,2.5462667750357814e-27,0.06845030765403563
425.0,2.5607243829668507e-27,0.06012516877067575
426.0,2.5798055820410562e-27,0.03896282967152973
427.0,2.5507506707391227e-27,0.05986552975190791
428.0,2.5545430395023827e-27,0.08588515349151331
429.0,2.5911826883308362e-27,0.004741019116587209
430.0,2.6123394533669266e-27,0.1253623058256283
431.0,2.642257996214285e-27,0.07831775250103663
432.0,2.6809383168729122e-27,0.030661135788379135
433.0,2.6632882950861828e-27,0.00815153466289118
434.0,2.6478592642910526e-27,0.026893847534391103
435.0,2.6346512244875214e-27,0.02619052749784169
436.0,2.7022956910797407e-27,0.014303122973738891
437.0,2.720846281581804e-27,0.056320628423621226
438.0,2.6903029959937097e-27,0.007225175554153959
439.0,2.686853435833101e-27,0.027446076395466024
440.0,2.7018672764362983e-27,0.016237195447367524
441.0,2.735344517803302e-27,0.06825845872338805
442.0,2.7383621390158843e-27,0.033597030447983935
443.0,2.7483962771528376e-27,0.018536302738830522
444.0,2.7654469322141617e-27,0.04164846081746556
445.0,2.7538503606838962e-27,0.06869996032631506
446.0,2.753464362708704e-27,0.07027447622777931
447.0,2.7642889382885845e-27,0.03071313709783536
448.0,2.7264097141968628e-27,0.019006458099724215
449.0,2.7316866676931864e-27,0.09912461885657538
450.0,2.780119798777556e-27,0.027593062234881366
451.0,2.776576370222793e-27,0.04698407504379629
452.0,2.7649063354886114e-27,0.021390420024809103
453.0,2.7451096945750107e-27,0.003186357236071599
454.0,2.7645429035211277e-27,0.040601975401579365
455.0,2.767543399810396e-27,0.02846445436063279
456.0,2.7541111834428164e-27,0.0452665778567116
457.0,2.7154972443660403e-27,0.07252807463696735
458.0,2.6768992331425785e-27,0.03551798528554774
459.0,2.63831714977243e-27,0.06279900032226908
460.0,2.659268760812554e-27,0.0024555353917872034
461.0,2.6677471735671325e-27,0.12260687229528239
462.0,2.663752388036166e-27,0.0460027593910166
463.0,2.660548120348523e-27,0.01201654955290732
464.0,2.6749162667722937e-27,0.0009933855564265097
465.0,2.706856827307478e-27,0.06249018856916985
466.0,2.674575660647986e-27,0.0635273933420912
467.0,2.6481996793691018e-27,0.015401203258534515
468.0,2.6277288834708255e-27,0.044035585591193076
469.0,2.6174889322901872e-27,0.08577049143241595
470.0,2.6142460453673765e-27,0.01282842035240203
471.0,2.618000222702394e-27,0.008203260305757961
472.0,2.617759246145469e-27,0.07008357289368534
473.0,2.61397310689844e-27,0.03548970799431104
474.0,2.6066418049613066e-27,0.09547814519765932
475.0,2.6059140124711727e-27,0.049976022626471106
476.0,2.6045279509317574e-27,0.021634659572122284
477.0,2.60248362034306e-27,0.032836133036094374
478.0,2.5827133753392196e-27,0.009105474681861956
479.0,2.5616903534298052e-27,0.05017160466144232
480.0,2.5394145546148173e-27,0.01990562642264721
481.0,2.548885541060213e-27,0.10268316776880104
482.0,2.5414190537688417e-27,0.0930919940549324
483.0,2.5170150927407034e-27,0.06801496772862449
484.0,2.48513705203522e-27,0.022494762856049844
485.0,2.465667762880232e-27,0.10322006765013557
486.0,2.4586072252757407e-27,0.046060339426346145
487.0,2.45610015894671e-27,0.012858574733543996
488.0,2.4885948846085073e-27,0.018651207740878663
489.0,2.556091402261133e-27,0.040365152943843415
490.0,2.537067882794852e-27,0.06591244910031617
491.0,2.5420232000067462e-27,0.0058471756723783505
492.0,2.5709573538968157e-27,0.06804718584064126
493.0,2.5939141401287314e-27,0.00705997225179928
494.0,2.5886959201714218e-27,0.005149498775949783
495.0,2.555302694024887e-27,0.09730814192072695
496.0,2.5791211403713485e-27,0.023597499016721063
497.0,2.574455862030459e-27,0.070090191319208
498.0,2.541306859002218e-27,0.052832617847436786
499.0,2.4657357356408427e-27,0.10665263863608765
500.0,2.4378722315124074e-27,0.03929821113015075
501.0,2.4577163466169125e-27,0.004112719029502593
502.0,2.408892825980831e-27,0.06866072712300542
503.0,2.3922987613415794e-27,0.08736514300284272
504.0,2.4079341526991585e-27,0.05319505073429712
505.0,2.3905154635500094e-27,0.06329847510980602
506.0,2.4071480003693085e-27,0.011149488702643972
507.0,2.4578317631570558e-27,0.02123882272395065
508.0,2.4908691380295895e-27,0.02402843250058255
509.0,2.501683297575397e-27,0.04237444829037948
510.0,2.490274241794479e-27,0.016919807290428118
511.0,2.472186002801405e-27,0.04011252299138642
512.0,2.4465636047137587e-27,0.027799545248259356
513.0,2.4134070475315394e-27,0.02020681233407123
514.0,2.4029968348677276e-27,0.025676083296379573
515.0,2.3949665115536945e-27,0.06581710857789419
516.0,2.3893160775894405e-27,0.006029654866393373
517.0,2.381278714582488e-27,0.07561034071866432
518.0,2.3808382724535353e-27,0.000523377783666183
519.0,2.3879947512025824e-27,0.010961521109544785
520.0,2.4073042535642896e-27,0.006319223497907893
521.0,2.4231987901983014e-27,0.0568552093400332
522.0,2.435678361104618e-27,0.02544777872512087
523.0,2.415748886119065e-27,0.009730587694565999
524.0,2.386158406793039e-27,0.043000143657885945
525.0,2.3469069231265396e-27,0.00319199906264444
526.0,2.3892767070667395e-27,0.1760680852472668
527.0,2.4016648697672768e-27,0.05022772857548008
528.0,2.3840714112281523e-27,0.02783739142656627
529.0,2.3677339051059118e-27,0.034426575735224535
530.0,2.3533794768773e-27,0.07027626001139836
531.0,2.3410081265423173e-27,0.01838115884379825
532.0,2.2904496416790828e-27,0.14601921471772736
533.0,2.259931205935352e-27,0.05621662308640978
534.0,2.2494528193111253e-27,0.015233272199730544
535.0,2.2390323236616437e-27,0.0358512493534436
536.0,2.2446061137543965e-27,0.030670947356981993
537.0,2.2661741895893843e-27,0.05903484855719024
538.0,2.2897863689893577e-27,0.0011063638684415077
539.0,2.3032110971040184e-27,0.059008313219633346
540.0,2.306448373933367e-27,0.016228130324659248
541.0,2.3365518635180598e-27,0.014435543755752712
542.0,2.357924677427961e-27,0.10134801372259837
543.0,2.370566815663071e-27,0.07468204903459709
544.0,2.3727723143549876e-27,0.0062642560959032915
545.0,2.3775260039572942e-27,0.02617971436459562
546.0,2.3848278844699907e-27,0.03847331129796233
547.0,2.3818653034822834e-27,0.008669986362018918
548.0,2.3759586149255254e-27,0.06939937838428759
549.0,2.367107818799717e-27,0.04668365889454438
550.0,2.3620313917834305e-27,0.010558512885384681
551.0,2.344513761038396e-27,0.05251509783246788
552.0,2.3145549265646137e-27,0.10413190782688293
553.0,2.325723214741935e-27,0.07304697541696313
554.0,2.318378330519273e-27,0.004284407547629971
555.0,2.2925202738966276e-27,0.08535872974446729
556.0,2.3201034294698767e-27,0.05933521677727466
557.0,2.331734298427825e-27,0.10688057658143027
558.0,2.3274128807704725e-27,0.04174313846844092
559.0,2.331800233891786e-27,0.010349213429839273
560.0,2.342604606295621e-27,0.0876960881243467
561.0,2.3598259979819775e-27,0.017677918575577798
562.0,2.3812045542122665e-27,0.09371523939253575
563.0,2.3703902267867205e-27,0.002769812952661499
564.0,2.32738301570534e-27,0.042408293451283656
565.0,2.3243391790674017e-27,0.049978086917262445
566.0,2.3370646909194907e-27,0.019509929000487657
567.0,2.3655595512616066e-27,0.0067179650756738546
568.0,2.319036088222555e-27,0.08324457076619239
569.0,2.3029705029373108e-27,0.06068937689613718
570.0,2.317362795405874e-27,0.01608805942809465
571.0,2.2550090935014955e-27,0.07442073374386614
572.0,2.21084197937241e-27,0.007778389149540717
573.0,2.184861453018617e-27,0.05293341825680495
574.0,2.189901056280658e-27,0.001442240569308129
575.0,2.170346286138762e-27,0.08581567924570714
576.0,2.126197142592929e-27,0.022841022251192902
577.0,2.10195130837507e-27,0.03298424822213092
578.0,2.070781097861423e-27,0.018317318733113083
579.0,2.0326865110519883e-27,0.05005014471727301
580.0,2.08540800578554e-27,0.03497263041340056
581.0,2.11635664238865e-27,0.060642145956449824
582.0,2.1255324208613194e-27,0.026814140772907974
583.0,2.146297079450276e-27,0.050287669488200265
584.0,2.1555080033737845e-27,0.052759540243329885
585.0,2.153165192631846e-27,0.027241579643059535
586.0,2.1470564072618403e-27,0.015011717118703076
587.0,2.1226748580480122e-27,0.012734254142857752
588.0,2.080020544990362e-27,0.013472132397577073
589.0,2.0761932461595875e-27,0.08515158182511584
590.0,2.065579244763568e-27,0.042559610527000725
591.0,2.0481785408023037e-27,0.02054332899822059
592.0,2.0778916582031064e-27,0.044703825983495954
593.0,2.11155736195635e-27,0.022980040186382153
594.0,2.149175652062034e-27,0.10363515558109507
595.0,2.1958446463229666e-27,0.07947073138606205
596.0,2.233377774168886e-27,0.030340061907542567
597.0,2.2617750355997922e-27,0.0675513558050909
598.0,2.247821928903029e-27,0.04480301729729361
599.0,2.22644400160511e-27,0.03237016586589671
600.0,2.1976412537060358e-27,0.012432503720980556
601.0,2.223695261681341e-27,0.0635721140519051
602.0,2.243669662601399e-27,0.00019441352888853464
603.0,2.2575644564662094e-27,0.06345116874903356
604.0,2.2097322863472183e-27,0.03698288315285552
605.0,2.1929245313734097e-27,0.0013248534297810237
606.0,2.207141191544784e-27,0.015352749855479367
607.0,2.2345178115714984e-27,0.01566612000520189
608.0,2.2508051549198652e-27,0.003936909782217091
609.0,2.2560032215898855e-27,0.04020582179828645
610.0,2.2540769569655235e-27,0.012776805645986926
611.0,2.2431379303527008e-27,0.09708032270625777
612.0,2.2231861417514178e-27,0.048793167211079895
613.0,2.1849200851775765e-27,0.05797429139290819
614.0,2.1794095491823854e-27,0.030468348550763514
615.0,2.2066545337658445e-27,0.045488507669251346
616.0,2.201467330560326e-27,0.05531274295941573
617.0,2.1974027997302973e-27,0.04296481364770015
618.0,2.1944609412757584e-27,0.014233176815399543
619.0,2.248536501469625e-27,0.030318641978415314
620.0,2.2871462345857454e-27,0.013322084517697484
621.0,2.3102901406241194e-27,0.01758390834802863
622.0,2.324107009367692e-27,0.0011941504751951661
623.0,2.3345383659183678e-27,0.03127924579924427
624.0,2.3415842102761473e-27,0.03951272801616847
625.0,2.388496005976659e-27,0.10132384864128177
626.0,2.438061593331572e-27,0.05783649357661842
627.0,2.4902809723408856e-27,0.006147825840958717
628.0,2.5190693308189485e-27,0.0037521335429873655
629.0,2.5426784586763944e-27,0.019202420040083403
630.0,2.5611083559132247e-27,0.030525311644772204
631.0,2.5017662157470087e-27,0.07143028595744152
632.0,2.4748737100040923e-27,0.07695003658812907
633.0,2.4804308386844755e-27,0.001079637618867901
634.0,2.478574503481887e-27,0.03192115449014247
635.0,2.4799746652297736e-27,0.0016329047011167852
636.0,2.4846313239281354e-27,0.023774389880053717
637.0,2.5138504806586834e-27,0.0029666300603038024
638.0,2.4895514099593806e-27,0.01153471573360771
639.0,2.411734111830228e-27,0.07857019724787835
640.0,2.397614043445053e-27,0.011668851796393983
641.0,2.3957276390534908e-27,0.05587656383949879
642.0,2.406074898655541e-27,0.021381135100422173
643.0,2.3949630880211748e-27,0.01150234957991275
644.0,2.3701396636827883e-27,0.039923879830433676
645.0,2.3316046256403825e-27,0.025319289967594333
646.0,2.359714803011669e-27,0.035478312691458645
647.0,2.3791014303738573e-27,0.0035390425489001337
648.0,2.3897645077269472e-27,0.016306623194655295
649.0,2.364148042012478e-27,0.025830980388590826
650.0,2.3572973347820516e-27,0.03877674093574365
651.0,2.3692123860356667e-27,0.07104791203399707
652.0,2.3956942279093433e-27,0.022364142890255487
653.0,2.410211706450206e-27,0.07565784335360631
654.0,2.4127648216582544e-27,0.0254565749046495
655.0,2.43834191690348e-27,0.007318186443455112
656.0,2.453321320795262e-27,0.06153554096736002
657.0,2.4577030333335995e-27,0.04083885205384522
658.0,2.448316666916178e-27,0.041185107827352824
659.0,2.4279034970641204e-27,0.08134854119458196
660.0,2.3964635237774262e-27,0.06707973244423675
661.0,2.3964572570686516e-27,0.002437441414698074
662.0,2.400511987939714e-27,0.04002317055736172
663.0,2.4086277163906127e-27,0.031346696659860486
664.0,2.436414426909575e-27,0.092255071132832
665.0,2.449699170303693e-27,0.02474531164793166
666.0,2.448481946572967e-27,0.06607807578306436
667.0,2.4638709709580408e-27,0.03172332478702252
668.0,2.458573849709447e-27,0.010448332920891139
669.0,2.432590582827186e-27,0.02391239924630395
670.0,2.4121462857317077e-27,0.015384830964759712
671.0,2.401548030145849e-27,0.08297178875104538
672.0,2.4007958160696098e-27,0.06865116302117934
673.0,2.3726836733777297e-27,0.011043349626926505
674.0,2.371885040961597e-27,0.02605247500594626
675.0,2.398399918821212e-27,0.014258119440960587
676.0,2.4142943594129895e-27,0.04498350670602343
677.0,2.427440917865742e-27,0.1281121430926603
678.0,2.4378395941794702e-27,0.0033725713704833016
679.0,2.4498659156271287e-27,0.0011709618393536596
680.0,2.486208389690446e-27,0.05072378010513626
681.0,2.5468670163694226e-27,0.04773489411650882
682.0,2.5347414920369593e-27,0.042308068423803996
683.0,2.4975693838071947e-27,0.003245270847698524
684.0,2.4353506916801284e-27,0.031860389426223566
685.0,2.4433476549691758e-27,0.06987125878553903
686.0,2.4476823539847502e-27,0.018734884014394545
687.0,2.448354788726852e-27,0.03840507998070655
688.0,2.4354874221293032e-27,0.012971708641732572
689.0,2.416000272942819e-27,0.08528619305368357
690.0,2.3898933411673987e-27,0.008067147949870665
691.0,2.37969288956793e-27,0.004270044945229266
692.0,2.378536952602813e-27,0.04067140748699058
693.0,2.386425530272047e-27,0.04718278934711525
694.0,2.374404452385458e-27,0.04711908771058334
695.0,2.404692263689394e-27,0.029005458439758686
696.0,2.477288964183855e-27,0.006593876152086903
697.0,2.4513859208184897e-27,0.014240389882503052
698.0,2.4280404331275557e-27,0.0066777981374784015
699.0,2.4072525011110524e-27,0.029382782023196177
700.0,2.343330860296912e-27,0.01589490118924879
701.0,2.316545342624491e-27,0.000641574467298798
702.0,2.3268959480937898e-27,0.004326931874999119
703.0,2.2714092504598688e-27,0.01659547356185604
704.0,2.2376086877696024e-27,0.011240583567652378
705.0,2.2254942600229905e-27,0.0012016356710985974
706.0,2.2211485680995554e-27,0.03093846332789541
707.0,2.2105346845689413e-27,0.017872709812856265
708.0,2.1936526094311488e-27,0.04544139593222464
709.0,2.2479119469731997e-27,0.00348574040487554
710.0,2.2911063091029573e-27,0.022033265556224466
711.0,2.323235695820422e-27,0.009835816371631412
712.0,2.3644503613805926e-27,0.023502171595976354
713.0,2.373550650468452e-27,0.10870463136512208
714.0,2.3505365630839995e-27,0.01750421652046755
715.0,2.3860433619931003e-27,0.007584885627828813
716.0,2.4122020310008655e-27,0.01116796159346343
717.0,2.4290125701072956e-27,0.014263765604371212
718.0,2.4536342995936144e-27,0.0312004126911825
719.0,2.4818701233813314e-27,0.005629864155154766
720.0,2.5137200414704467e-27,0.01701671991441884
721.0,2.489069482693797e-27,0.07281819676044829
722.0,2.4715648787829162e-27,0.01866568301912631
723.0,2.461206229737804e-27,0.10673133203720667
724.0,2.488252570122344e-27,0.04633083993953189
725.0,2.4641757700393712e-27,0.019660818767830334
726.0,2.388975829488886e-27,0.10054935855559888
727.0,2.4353728679748316e-27,0.0017524028986159778
728.0,2.4676187839718704e-27,0.02820015155006358
729.0,2.4857135774800025e-27,0.017891131686903827
730.0,2.4862677160025307e-27,0.006536924884720659
731.0,2.490676939171773e-27,0.014947983254826819
732.0,2.498941246987729e-27,0.035545050715797444
733.0,2.470878936140392e-27,0.06522355294558364
734.0,2.4528137720644246e-27,0.02007309302321824
735.0,2.4447457547598266e-27,0.025758606895580228
736.0,2.478792868432251e-27,0.004564215509084621
737.0,2.5155323255202385e-27,0.04386944657937185
738.0,2.55496412602379e-27,0.017394828167344945
739.0,2.6345197656445916e-27,0.05350496020205762
740.0,2.6735259586067218e-27,0.06257910642453102
741.0,2.6719827049101806e-27,0.031173733998667814
742.0,2.6535104411048785e-27,0.02618121767439795
743.0,2.637223623576193e-27,0.0812630229751344
744.0,2.6231222523241253e-27,0.06417209468640556
745.0,2.5945621493375745e-27,0.054676390694928315
746.0,2.579772441277215e-27,0.053304204299237004
747.0,2.5787531281430474e-27,0.07121165427181131
748.0,2.5910937281874156e-27,0.008606127598754926
749.0,2.5973287909351857e-27,0.02347844923907695
750.0,2.5974583163863578e-27,0.018320668670790432
751.0,2.6303552264875755e-27,0.08886010840319641
752.0,2.6438024026600517e-27,0.04770190687227543
753.0,2.637799844903786e-27,0.05183645824330239
754.0,2.62857640415399e-27,0.11913991311797566
755.0,2.616011438145475e-27,0.019606705147105087
756.0,2.6001049468782404e-27,0.029251466848890764
757.0,2.5538878106642578e-27,0.010839936405090067
758.0,2.508845886313516e-27,0.06713930017084134
759.0,2.4649791738260147e-27,0.030266858423167647
760.0,2.4328222484805857e-27,0.03142632679954128
761.0,2.436777281471919e-27,0.01708615304903668
762.0,2.4768442728000147e-27,0.06973240166071361
763.0,2.5047312491919584e-27,0.019255206060308904
764.0,2.5394281312623613e-27,0.026052458905594957
765.0,2.5809349190112236e-27,0.041708876930812086
766.0,2.5435552208993052e-27,0.09390830097463092
767.0,2.4971429096631427e-27,0.024967042898736996
768.0,2.441697985302735e-27,0.045984200111116647
769.0,2.4247445182855984e-27,0.07354301806078313
770.0,2.419990713387669e-27,0.06643528798429017
771.0,2.427436570608948e-27,0.09375123441509886
772.0,2.444164671934734e-27,0.03269281015467649
773.0,2.4687677762321972e-27,0.022182919273388578
774.0,2.5012458835013377e-27,0.015735489031615927
775.0,2.51125880311963e-27,0.011818273357974007
776.0,2.5423555595228496e-27,0.05781999212370223
777.0,2.5945361527109962e-27,0.03661472019964177
778.0,2.5892247093915417e-27,0.040474774862245294
779.0,2.5739340395356865e-27,0.009834276283867373
780.0,2.5486641431434306e-27,0.0946084406595741
781.0,2.501387870629801e-27,0.005055830024009022
782.0,2.46583329696562e-27,0.053571387024006226
783.0,2.4420004221508865e-27,0.0556126121281931
784.0,2.4511932892587632e-27,0.0424574195985591
785.0,2.4439514183128724e-27,0.05013271483100523
786.0,2.420274809313214e-27,0.0934952066457399
787.0,2.4497478910295917e-27,0.02455231968446986
788.0,2.4859631222022454e-27,0.06503755271248739
789.0,2.5289205028311747e-27,0.03779353438170596
790.0,2.461826681242048e-27,0.06031102038440688
791.0,2.441935739983767e-27,0.06507922721970467
792.0,2.469247679056333e-27,0.11490727154790198
793.0,2.4063260976987492e-27,0.019210183657780933
794.0,2.3819992102960473e-27,0.02043153729998748
795.0,2.3962670168482267e-27,0.025407198931597316
796.0,2.4342540100797394e-27,0.051190660902727086
797.0,2.4552369313831864e-27,0.0011645956012692527
798.0,2.4592157807585674e-27,0.035201874456896244
799.0,2.424184185694691e-27,0.03377153234999747
800.0,2.3993919415544558e-27,0.02684193090101782
801.0,2.3848390483378604e-27,0.022076624742418564
802.0,2.3798187792306866e-27,0.011156220965991677
803.0,2.3759747193067935e-27,0.07928272932273212
804.0,2.373306868566181e-27,0.01863464882852475
805.0,2.3700675940485513e-27,0.04169983919083156
806.0,2.368192749954458e-27,0.017006411283152167
807.0,2.367682336283901e-27,0.02177947939109563
808.0,2.3765493815488928e-27,0.02061010438373119
809.0,2.3647630895306247e-27,0.025210280327337933
810.0,2.332323460229098e-27,0.06404125307075811
811.0,2.3282283075667784e-27,0.0154468984901117
812.0,2.3496637572178328e-27,0.010475691083254407
813.0,2.3966298091822603e-27,0.04943899763839813
814.0,2.3879645459777803e-27,0.029361853224715607
815.0,2.3784855914293115e-27,0.022087704362423088
816.0,2.368192945536854e-27,0.08677666051901993
817.0,2.4021192678162925e-27,0.07818510157101198
818.0,2.383160490828155e-27,0.05753087162807278
819.0,2.3113166145724423e-27,0.002009609621728695
820.0,2.348619395079007e-27,0.04074554569781486
821.0,2.359454511252864e-27,0.08493581783868145
822.0,2.3438219630940138e-27,0.052166175037865414
823.0,2.3514147021857484e-27,0.020937947318915892
824.0,2.357989051463214e-27,0.018054844980892024
825.0,2.3635450109264095e-27,0.07798381010802004
826.0,2.3935689276007156e-27,0.01867879538796177
827.0,2.405903996491781e-27,0.01010921664985872
828.0,2.400550217599605e-27,0.031449510136853015
829.0,2.3833550959105797e-27,0.04398812874092051
830.0,2.3948815449014965e-27,0.026724335440128713
831.0,2.435129564572355e-27,0.007517735094540207
832.0,2.3688289603348035e-27,0.03906928562130315
833.0,2.3374217005993824e-27,0.01488177121876789
834.0,2.3409077853660924e-27,0.036662700591014605
835.0,2.3047011105893503e-27,0.035291276031286505
836.0,2.2771760071453026e-27,0.0018406894565495874
837.0,2.25833247503395e-27,0.01888608233993432
838.0,2.32004769872849e-27,0.02808237325869159
839.0,2.3516557487671035e-27,0.0016680494002652318
840.0,2.3531566251497907e-27,0.0381613324144552
841.0,2.361588619412216e-27,0.058272131920933536
842.0,2.341332605123288e-27,0.0211292594276571
843.0,2.2923885822830078e-27,0.020910346629361642
844.0,2.2744485666351988e-27,0.08698370628307212
845.0,2.270013542025245e-27,0.06291850371842926
846.0,2.2790835084531464e-27,0.07393401228811187
847.0,2.292646408283261e-27,0.01039916682224966
848.0,2.309939032421459e-27,0.03394586565501793
849.0,2.3309613808677413e-27,0.10049788172060235
850.0,2.334140178189849e-27,0.01245893498676565
851.0,2.344815043006359e-27,0.07650081235347016
852.0,2.3629859753172717e-27,0.01529797244811822
853.0,2.3788497301654534e-27,0.0659676868361679
854.0,2.3615402539381986e-27,0.0978339971393459
855.0,2.311057546635507e-27,0.03429831157411928
856.0,2.315193877254191e-27,0.010199528296608862
857.0,2.329901220878057e-27,0.0062066623069926205
858.0,2.3551795775071057e-27,0.00029791413674107797
859.0,2.375040921525811e-27,0.024479015893793518
860.0,2.3809797464984625e-27,0.1096618868032103
861.0,2.37299605242506e-27,0.022676941005403337
862.0,2.352289525881064e-27,0.06878406210632142
863.0,2.3271569654843422e-27,0.03570132042666884
864.0,2.2975983712348948e-27,0.029172943324753356
865.0,2.296955015954492e-27,0.021329684985284827
866.0,2.314634599175371e-27,0.03855754329644412
867.0,2.350637120897533e-27,0.0031740905571090655
868.0,2.2968617738895177e-27,0.10368408689615044
869.0,2.262082283534163e-27,0.024388612902561033
870.0,2.246298649831468e-27,0.038450839336365644
871.0,2.216766034180371e-27,0.11070315200216983
872.0,2.2152770644895262e-27,0.006179261083412372
873.0,2.2418317407589335e-27,0.03708268316506485
874.0,2.2292992036195415e-27,0.058184410308853664
875.0,2.2180430001928605e-27,0.037556892022244825
876.0,2.2080631304788902e-27,0.00957794319580455
877.0,2.205537653524429e-27,0.032266373379081774
878.0,2.2126236136679057e-27,0.02145356066562356
879.0,2.2293210109093198e-27,0.03614173415947628
880.0,2.2215664185873103e-27,0.05052816023758895
881.0,2.1753934240275942e-27,0.02579765996292791
882.0,2.090802027230171e-27,0.023441042825367294
883.0,2.1111073312627306e-27,0.030352356521266912
884.0,2.129798262198769e-27,0.014802212322344155
885.0,2.1468748200382868e-27,0.039056453535279714
886.0,2.1446893657899438e-27,0.06096921269129494
887.0,2.129986873652149e-27,0.03682142451834527
888.0,2.102767343624903e-27,0.028809158668001142
889.0,2.1174401612258348e-27,0.00010287947701097095
890.0,2.1324361983266055e-27,0.02376680168923302
891.0,2.147755454927215e-27,0.061626976658078175
892.0,2.1383038348843736e-27,0.105415330366687
893.0,2.1325711196239275e-27,0.017617144478412096
894.0,2.1305573091458766e-27,0.049474042228140246
895.0,2.1078862661571e-27,0.02106465356828678
896.0,2.09622219986524e-27,0.01936031660709417
897.0,2.095565110270297e-27,0.036994900752494085
898.0,2.055153644665516e-27,0.031327599810609084
899.0,2.0434641600742107e-27,0.05957574127250055
900.0,2.060496656496381e-27,0.02955148866874128
901.0,2.0378890242985668e-27,0.04691038452060223
902.0,2.0325326544866727e-27,0.08244095777556222
903.0,2.044427547060699e-27,0.04679085420207332
904.0,2.008550202505922e-27,0.003943518146661601
905.0,1.9846794093339318e-27,0.036600910437098455
906.0,1.9728151675447287e-27,0.02065597830618031
907.0,1.974971347251692e-27,0.030865940237759376
908.0,1.954651106757107e-27,0.02951777683945473
909.0,1.9118544460609735e-27,0.013946941162867852
910.0,1.9209640270629164e-27,0.007360701180815642
911.0,1.9228639894815434e-27,0.06382437006104255
912.0,1.917554333316854e-27,0.006089521129066247
913.0,1.872787825822851e-27,0.06395664341446518
914.0,1.8346126827674886e-27,0.033091991212844736
915.0,1.803028904150766e-27,0.03312514868273687
916.0,1.8270780412458792e-27,0.026604151307852958
917.0,1.8552137666076167e-27,0.022756659158181192
918.0,1.887436080235978e-27,0.0250883547830017
919.0,1.889550705881685e-27,0.09118228213113248
920.0,1.8994319302804718e-27,0.0345705832804104
921.0,1.9170797534323386e-27,0.015131435465244127
922.0,1.9293042910395767e-27,0.009078107328121462
923.0,1.9429995671565812e-27,0.012494397280700969
924.0,1.9581655817833526e-27,0.06253103711070636
925.0,2.000896175962302e-27,0.0022117696510317738
926.0,2.0029338006414175e-27,0.006081455724438516
927.0,1.9642784558206994e-27,0.026494627021513326
928.0,1.989301312190535e-27,0.07721905293218184
929.0,1.998857636818149e-27,0.02010307293693042
930.0,1.9929474297035415e-27,0.00331016890555229
931.0,1.991669555216503e-27,0.004091198010320706
932.0,1.9892679505139697e-27,0.07092681465876195
933.0,1.9857426155959425e-27,0.06841971342267471
934.0,1.9801403182104187e-27,0.004442946216970059
935.0,1.962233234335577e-27,0.08605979519804488
936.0,1.932021363971418e-27,0.019990452509514242
937.0,1.942970562021909e-27,0.0022012046074645106
938.0,1.9754222087100178e-27,0.0347086895386396
939.0,2.0293763040357438e-27,0.0008160970193040095
940.0,2.0327241953891165e-27,0.013846488534705305
941.0,2.0368484519966657e-27,0.015231624267109606
942.0,2.041749073858393e-27,0.012518457263313784
943.0,2.0267194694247343e-27,0.016565602507136522
944.0,2.0200241642227454e-27,0.013723267076758056
945.0,2.021663158252426e-27,0.06311286964243257
946.0,2.040201571602141e-27,0.011616377719140416
947.0,2.0465245252511076e-27,0.0008900506994088637
948.0,2.0406320191993244e-27,0.04141154509810076
949.0,2.0323775520094627e-27,0.05482095800542406
950.0,2.036585613758601e-27,0.012257994556490794
951.0,2.0532562044467396e-27,0.07514917509726254
952.0,2.03146181445791e-27,0.07143374829895925
953.0,2.026741077570451e-27,0.029169248786765384
954.0,2.039093993784363e-27,0.02617602933147864
955.0,2.0677788950854185e-27,0.08921736065424038
956.0,2.1041380375711683e-27,0.017861646286376955
957.0,2.1481714212416117e-27,0.062152609556736405
958.0,2.1497206818445564e-27,0.02975823624075208
959.0,2.1723909059054596e-27,0.08891719421217677
960.0,2.216182093424322e-27,0.045876710527378205
961.0,2.2498706120769304e-27,0.07839485433387447
962.0,2.253960191550616e-27,0.08752098761602997
963.0,2.228450831845378e-27,0.08915719516395597
964.0,2.1967746296994923e-27,0.03639877960453771
965.0,2.1784903220463617e-27,0.02186700790544092
966.0,2.1735979088859855e-27,0.06200843999882621
967.0,2.2074166720606563e-27,0.0005827688236667806
968.0,2.2251045783118956e-27,0.00029617866841153773
969.0,2.2266616276397033e-27,0.07911164757641924
970.0,2.2128886758781356e-27,0.02273278121696135
971.0,2.23038536525166e-27,0.058426350579639685
972.0,2.2791516957602764e-27,0.011295443713689346
973.0,2.290747493226443e-27,0.025180762861348772
974.0,2.2644967519537264e-27,0.0232982017731276
975.0,2.2003994719421265e-27,0.0046388558293306474
976.0,2.2134065009528973e-27,0.12265284345189711
977.0,2.229287455751184e-27,0.03146243866289849
978.0,2.248042336336986e-27,0.08268970876631372
979.0,2.258072613060953e-27,0.015014857572126445
980.0,2.271299530033642e-27,0.01548498114519602
981.0,2.2877230872550526e-27,0.03322511982460893
982.0,2.288995267688546e-27,0.07761782939486803
983.0,2.2721299017650387e-27,0.020157601715146904
984.0,2.2371269894845307e-27,0.0803098285418527
985.0,2.2299479496862533e-27,0.13909834691405118
986.0,2.2144738922602077e-27,0.05291749297087144
987.0,2.1907048172063945e-27,0.006978941177296138
988.0,2.1675507968677677e-27,0.006018174611139469
989.0,2.139727530571517e-27,0.00511313397318241
990.0,2.107235018317643e-27,0.043604298988192125
991.0,2.1247964480072753e-27,0.07415299872741637
992.0,2.137129803258049e-27,0.024812830498970713
993.0,2.1442350840699645e-27,0.05164492116010505
994.0,2.1354411505718307e-27,0.0168665169847346
995.0,2.1237765971929557e-27,0.11993142162238371
996.0,2.10924142393334e-27,0.006148028769496351
997.0,2.1129955250989917e-27,0.030022958614026457
998.0,2.132709518993223e-27,0.03697537535845975
999.0,2.1683834056160342e-27,0.07039593809323291
1000.0,2.1143254765798795e-27,0.003442897202309419
1001.0,2.09504909581897e-27,0.01444325704432383
1002.0,2.110554263333305e-27,0.0029262157899762054
1003.0,2.0991615720373367e-27,0.03801766522409816
1004.0,2.0684240641505475e-27,0.03700933517113902
1005.0,2.0183417396729383e-27,0.03271816161331199
1006.0,1.9669976852176856e-27,0.05620756091842177
1007.0,1.9308838261515144e-27,0.06927782421834411
1008.0,1.910000162474426e-27,0.012509827850689971
1009.0,1.9221471159031004e-27,0.0012248590143343625
1010.0,1.9367473740738416e-27,0.03787400640688002
1011.0,1.9538009369866488e-27,0.06390636346125737
1012.0,1.9320733162892548e-27,0.07642217967078652
1013.0,1.938802390273305e-27,0.03092748290192567
1014.0,1.9739881589387987e-27,0.025201376526366937
1015.0,2.020582162409094e-27,0.0140234992594836
1016.0,2.0520574204390213e-27,0.006082720878884042
1017.0,2.0684139330285816e-27,0.03422581718837205
1018.0,2.0559828560857737e-27,0.03970870691206668
1019.0,2.068480501622436e-27,0.0018304645223995903
1020.0,2.1059068696385677e-27,0.034918485833391834
1021.0,2.1322566768032925e-27,0.09261336836243467
1022.0,2.1600956653156654e-27,0.012714484983197728
1023.0,2.189423835175685e-27,0.16415742747126155
1024.0,2.174286053618311e-27,0.01976783497363142
1025.0,2.1276606882885517e-27,0.0250778972181701
1026.0,2.049547739186406e-27,0.032493355182233806
1027.0,2.115738245575577e-27,0.05638011117921224
1028.0,2.127571046003979e-27,0.05752992139912131
1029.0,2.085046140471612e-27,0.009518401238505529
1030.0,2.088606591518106e-27,0.06115939999685974
1031.0,2.1271687256257892e-27,0.03286895993449552
1032.0,2.2007325427946615e-27,0.024166920378598408
1033.0,2.214126161723256e-27,0.023192837485859152
1034.0,2.236417310300829e-27,0.06930393884839131
1035.0,2.2676059885273814e-27,0.032609974732326796
1036.0,2.227419478955549e-27,0.006929263001412201
1037.0,2.1834482709710657e-27,0.019026097795538915
1038.0,2.135692364573931e-27,0.00570026354318422
1039.0,2.1245061782795153e-27,0.12053841957747197
1040.0,2.1369037756572183e-27,0.04437466329733215
1041.0,2.1728851567070404e-27,0.08275287596467401
1042.0,2.1668507509490282e-27,0.01598607287616059
1043.0,2.1543490859868435e-27,0.06994331445362316
1044.0,2.1353801618204865e-27,0.022950677020491736
1045.0,2.1453736463322764e-27,0.01050860611892758
1046.0,2.1681266290512503e-27,0.020474279480716305
1047.0,2.203639109977408e-27,0.04671367047036642
1048.0,2.1655518850775937e-27,0.030514653364770578
1049.0,2.1310553166020728e-27,0.0010995961802017986
1050.0,2.1001494045508445e-27,0.04055052257239811
1051.0,2.081785494175324e-27,0.006635143959971896
1052.0,2.0908076770351782e-27,0.029649922917565453
1053.0,2.1272159531304087e-27,0.004483836623728353
1054.0,2.1383330014630783e-27,0.07396129051138615
1055.0,2.176889370273795e-27,0.03178942004354402
1056.0,2.242885059562559e-27,0.009552982923523249
1057.0,2.2735530437104092e-27,0.12375094404644252
1058.0,2.289985532248817e-27,0.026610191641675593
1059.0,2.292182525177783e-27,0.026207214207043708
1060.0,2.332041038185963e-27,0.03497490967265545
1061.0,2.3564283786911534e-27,0.042645687667561
1062.0,2.3653445466933537e-27,0.02451503877643489
1063.0,2.347608744052254e-27,0.044088197089700354
1064.0,2.3500329245719647e-27,0.06741096170132324
1065.0,2.3726170882524864e-27,0.0015889673587830206
1066.0,2.355081051483715e-27,0.06492848116218615
1067.0,2.3435169233973023e-27,0.017329690755113866
1068.0,2.337924703993248e-27,0.029042013717475737
1069.0,2.379290299992355e-27,0.0003792479747500377
1070.0,2.3997355986241667e-27,0.03637918181915297
1071.0,2.399260599888682e-27,0.040709833383915386
1072.0,2.378447909271315e-27,0.022605644812474377
1073.0,2.3626510209703116e-27,0.013925032986491304
1074.0,2.3518699349856707e-27,0.09138810754803624
1075.0,2.3842721232083593e-27,0.02595260207854084
1076.0,2.3936944316384484e-27,0.044573328573547316
1077.0,2.3801368602759376e-27,0.013448809483188384
1078.0,2.371518992586733e-27,0.04831202466534913
1079.0,2.361156361813427e-27,0.032353947741404064
1080.0,2.3490489679560193e-27,0.014573987778918343
1081.0,2.357185829978851e-27,0.04077648906509035
1082.0,2.357029396289063e-27,0.06869546644489771
1083.0,2.3485796668866555e-27,0.11924051311218996
1084.0,2.3049616622141636e-27,0.05604860728424704
1085.0,2.27192229210763e-27,0.040912038199540486
1086.0,2.249461556567055e-27,0.0059122368531597845
1087.0,2.225907505379128e-27,0.01699058954904697
1088.0,2.234009188137648e-27,0.022334984903393935
1089.0,2.2737666048426158e-27,0.012323009736456891
1090.0,2.30063770628923e-27,0.05292674449844194
1091.0,2.3241053971005627e-27,0.01130589204549026
1092.0,2.3441696772766135e-27,0.06682829804084388
1093.0,2.3323616192002462e-27,0.10889944600391188
1094.0,2.3161148869182283e-27,0.1176930578849908
1095.0,2.2954294804305594e-27,0.049330122523273866
1096.0,2.283889516695696e-27,0.042635980213466734
1097.0,2.2645194417714597e-27,0.05264227602264974
1098.0,2.2373192556578506e-27,0.040628727182925234
1099.0,2.3132615106071923e-27,0.016482712310056127
1100.0,2.3200893261013576e-27,0.05782401075179921
1101.0,2.2578027021403462e-27,0.038679713627905954
1102.0,2.277574854149502e-27,0.04721947394876467
1103.0,2.2704572933245595e-27,0.056662510081194384
1104.0,2.2364500196655188e-27,0.01598640496176767
1105.0,2.2369956969537914e-27,0.011205517076015893
1106.0,2.224732733635891e-27,0.09872320070989339
1107.0,2.1996611297118177e-27,0.047089098479693184
1108.0,2.1693485732092475e-27,0.01240552368385999
1109.0,2.1397327279389222e-27,0.018056399384092495
1110.0,2.1108135939008415e-27,0.04467480170605432
1111.0,2.166101982620162e-27,0.057842897626333614
1112.0,2.1937487593715257e-27,0.02872840876596134
1113.0,2.1937539241549332e-27,0.003545929186288911
1114.0,2.1754206240598884e-27,0.011003696397053404
1115.0,2.1763314608252447e-27,0.053891643770083535
1116.0,2.196486434451002e-27,0.005807389751134914
1117.0,2.200627471813464e-27,0.001621991609673449
1118.0,2.2150320931774612e-27,0.024995749024685127
1119.0,2.2397002985429938e-27,0.08686092269604245
1120.0,2.1903744059798732e-27,0.0034227686022633395
1121.0,2.1721361825730436e-27,0.04264270243873838
1122.0,2.1849856283225046e-27,0.027050310325463872
1123.0,2.2113003184899124e-27,0.057542145691243274
1124.0,2.2022036482036847e-27,0.008605041304924082
1125.0,2.1576956174638216e-27,0.006724576656729255
1126.0,2.1747902459537312e-27,0.02818862746879669
1127.0,2.2098835462935866e-27,0.019977301343121284
1128.0,2.2629755184833883e-27,0.03250704117273306
1129.0,2.265934866126967e-27,0.04732842283639375
1130.0,2.2809981799962045e-27,0.09695878737041042
1131.0,2.3081654600911014e-27,0.028423364167635103
1132.0,2.3306844883204946e-27,0.07586842480204892
1133.0,2.3331180297652976e-27,0.031413369102183585
1134.0,2.31546608442551e-27,0.04708821587823636
1135.0,2.319652529741071e-27,0.0007202070538783956
1136.0,2.3005326937446405e-27,0.0044486594705681745
1137.0,2.258106576436219e-27,0.011652659459239795
1138.0,2.2484491388143174e-27,0.014872230539528564
1139.0,2.2492313829682384e-27,0.0618045668444582
1140.0,2.2604533088979822e-27,0.007238152775833554
1141.0,2.2848185580119812e-27,0.03645469030739981
1142.0,2.298937424268208e-27,0.03780936543234857
1143.0,2.3028099076666625e-27,0.0593537724155416
1144.0,2.326797452430843e-27,0.012073133508732316
1145.0,2.324245854039292e-27,0.014919963085163994
1146.0,2.2951551124920095e-27,0.03729253245935791
1147.0,2.2953792016029804e-27,0.1092855242941683
1148.0,2.29735532855997e-27,0.0419986805444519
1149.0,2.3010834933629798e-27,0.03774540980366847
1150.0,2.357823003086949e-27,0.036634142857836595
1151.0,2.3843660877426258e-27,0.0015937147089373123
1152.0,2.3807127473300096e-27,0.03288348034906076
1153.0,2.3688405679244243e-27,0.000991349149106815
1154.0,2.364569902488069e-27,0.03257799192898805
1155.0,2.367900751020945e-27,0.024027598465309344
1156.0,2.343939517576186e-27,0.034957320261040266
1157.0,2.336213245128327e-27,0.11050483140789535
1158.0,2.344721933677367e-27,0.08932185111110616
1159.0,2.336976637591514e-27,0.03315180845414151
1160.0,2.3086013983786442e-27,0.05885689026273022
1161.0,2.259596216038757e-27,0.03267405225420861
1162.0,2.261311064989179e-27,0.020273502237689693
1163.0,2.259264423400869e-27,0.033005343724380576
1164.0,2.2534562912738278e-27,0.03732059934126785
1165.0,2.209597119313889e-27,0.013723050598768816
1166.0,2.188645087573617e-27,0.0807924624770307
1167.0,2.190600196053013e-27,0.08530057996195964
1168.0,2.2376483147925186e-27,0.014597737135479094
1169.0,2.2704281471282624e-27,0.0062845180678185175
1170.0,2.288939693060245e-27,0.035090997501853224
1171.0,2.309889457739883e-27,0.010024947817179348
1172.0,2.3024238551696757e-27,0.015045653444801075
1173.0,2.2665428853496238e-27,0.04465714477305335
1174.0,2.283730960951057e-27,0.0626423976242194
1175.0,2.2960717396637696e-27,0.04740900962636633
1176.0,2.3035652214877615e-27,0.03859006645963063
1177.0,2.3220135299564756e-27,0.04407783257321508
1178.0,2.338825790493104e-27,0.05096985684914991
1179.0,2.354002003097647e-27,0.004600138050499888
1180.0,2.317362879403045e-27,0.039291044194558034
1181.0,2.3000159808667638e-27,0.04590612813482083
1182.0,2.3019613074888034e-27,0.037853687563637245
1183.0,2.283120854393783e-27,0.0027106728654678314
1184.0,2.2746334230464043e-27,0.054558890065812986
1185.0,2.276499013446668e-27,0.05835420157672277
1186.0,2.2537872062510126e-27,0.0182808064636592
1187.0,2.2632161344583006e-27,0.031612211422101834
1188.0,2.3047857980685323e-27,0.1293339661811414
1189.0,2.2829958816438154e-27,0.045122433734833156
1190.0,2.2607376039827776e-27,0.00503223566610369
1191.0,2.2380109650854186e-27,0.002171250629719609
1192.0,2.2437321100032926e-27,0.03013275846862903
1193.0,2.232734066563585e-27,0.03755617205712672
1194.0,2.2050168347662965e-27,0.10732939581492734
1195.0,2.1964917043472446e-27,0.06573666058533098
1196.0,2.1821363791175795e-27,0.05220751671787972
1197.0,2.1619508590773e-27,0.08422576271454002
1198.0,2.2069272877235015e-27,0.04670682335200503
1199.0,2.242612103394044e-27,0.017055540381692304
1200.0,2.2690053060889287e-27,0.08727893257656255
1201.0,2.2706886947348598e-27,0.02867783510629325
1202.0,2.2675268915564337e-27,0.01771968507095636
1203.0,2.259519896553651e-27,0.04229627182464507
1204.0,2.2902046335062607e-27,0.0007489100060219796
1205.0,2.3129697434637027e-27,0.0539152423012541
1206.0,2.3278152264259767e-27,0.07022372518729146
1207.0,2.345200722155448e-27,0.029906747346943898
1208.0,2.354900468245321e-27,0.03822015278018476
1209.0,2.3569144646955964e-27,0.012837560678047833
1210.0,2.3107358917467406e-27,0.023746455746241513
1211.0,2.287628061885177e-27,0.017337222869196835
1212.0,2.2875909751109048e-27,0.0022896410079929733
1213.0,2.275380400621811e-27,0.01585701282608263
1214.0,2.2802967908733862e-27,0.01620896087055142
1215.0,2.302340145865631e-27,0.14028654098402332
1216.0,2.334790034887273e-27,0.04512002939897865
1217.0,2.342876375268098e-27,0.02722881185191174
1218.0,2.326599167008107e-27,0.04856469613763491
1219.0,2.3431330475146107e-27,0.022794230385750687
1220.0,2.3779511529772974e-27,0.0071645438667919965
1221.0,2.431053483396167e-27,0.006832971457427471
1222.0,2.413950323006939e-27,0.026342916533535893
1223.0,2.4309847888043928e-27,0.022047805489650386
1224.0,2.4821568807885286e-27,0.015680081111819726
1225.0,2.459348693870542e-27,0.015370335573552952
1226.0,2.449344857420109e-27,0.02824488174943895
1227.0,2.4521453714372303e-27,0.041142040966922894
1228.0,2.4539288841215826e-27,0.04783399335047553
1229.0,2.4560314829428306e-27,0.046242800545195
1230.0,2.4584531679009737e-27,0.014668906142702982
1231.0,2.4362378830945628e-27,0.05703177446330258
1232.0,2.4177078109636105e-27,0.045812362705469206
1233.0,2.402862951508117e-27,0.0034722142888382666
1234.0,2.3859508308540953e-27,0.05427365063331076
1235.0,2.383539581254832e-27,0.02122238450019185
1236.0,2.3956292027103267e-27,0.05398041985667329
1237.0,2.4076848439803985e-27,0.055151567134470184
1238.0,2.447154412694894e-27,0.07074126891204592
1239.0,2.514037908853814e-27,0.02278034974701642
1240.0,2.555460943110681e-27,0.07185538089982783
1241.0,2.5694164233422995e-27,0.004950444148104102
1242.0,2.55590434954867e-27,0.03584210827273438
1243.0,2.5667228865796382e-27,0.07252223740155282
1244.0,2.58722851109979e-27,0.011623267632075858
1245.0,2.6174212231091256e-27,0.03780912692795423
1246.0,2.6192934165798898e-27,0.0051136505037755395
1247.0,2.6197033691815323e-27,0.030105540262604508
1248.0,2.6186510809140535e-27,0.07342623381817874
1249.0,2.6211228098387906e-27,0.08451381542675163
1250.0,2.6354030049976317e-27,0.04769856011642071
1251.0,2.6614916663905756e-27,0.10447665747707208
1252.0,2.6375904054100807e-27,0.02363127726304319
1253.0,2.6213849547161785e-27,0.02014940851103268
1254.0,2.6128753143088683e-27,3.9237241645377255e-05
1255.0,2.627526306784191e-27,0.00686485806942694
1256.0,2.6397987437638855e-27,0.003926637648910748
1257.0,2.6496926252479515e-27,0.03912248632020762
1258.0,2.6574029223638072e-27,0.01572348935932252
1259.0,2.656242873475785e-27,0.04917205033649375
1260.0,2.6462124785838846e-27,0.06555550904655433
1261.0,2.6751901078172978e-27,0.008970513365153336
1262.0,2.7208501675214686e-27,0.027274712623437936
1263.0,2.783192657696397e-27,0.061378163146930634
1264.0,2.7948326589587856e-27,0.05527771795711711
1265.0,2.7977242188700456e-27,0.009471063916155292
1266.0,2.7918673374301767e-27,0.06372930962524985
1267.0,2.81357322472805e-27,0.018502817336315258
1268.0,2.8164035331502934e-27,0.004477875073541028
1269.0,2.800358262696906e-27,0.006935408988121238
1270.0,2.778373531108638e-27,0.009502860152364187
1271.0,2.7678405419344803e-27,0.041390062880528156
1272.0,2.7687592951744335e-27,0.010510846836600495
1273.0,2.6938586686647607e-27,0.05857474759039363
1274.0,2.640045820686357e-27,0.09102724240065833
1275.0,2.6073207512392212e-27,0.006760472749751909
1276.0,2.598289279698045e-27,0.050856788458628344
1277.0,2.5747332456698592e-27,0.038820583334001055
1278.0,2.536652649154665e-27,0.046276737903452166
1279.0,2.5082560021090293e-27,0.01838937621119005
1280.0,2.488639477982074e-27,0.006682398324838071
1281.0,2.4778030767737987e-27,0.0545156728960218
1282.0,2.4321162748568854e-27,0.02761083916874274
1283.0,2.404586845551776e-27,0.008638239009151404
1284.0,2.3952147888584703e-27,0.10952672420701964
1285.0,2.3821934573327282e-27,0.0033868077096975814
1286.0,2.3773636183417284e-27,0.0029270167646197726
1287.0,2.3807252718854718e-27,0.027861766611444395
1288.0,2.4167689480729227e-27,0.1241753779607147
1289.0,2.438402846170019e-27,0.06315958438273225
1290.0,2.445626966176761e-27,0.04633616622145191
1291.0,2.448388200773552e-27,0.01858906519790701
1292.0,2.4522714381867475e-27,0.01463365715953486
1293.0,2.457276678416347e-27,0.0023310847789818237
1294.0,2.465939112592085e-27,0.037577348431872715
1295.0,2.4565276772801686e-27,0.029637717917481245
1296.0,2.4290423724805983e-27,0.07170225954911284
1297.0,2.427979050958378e-27,0.017201179002792322
1298.0,2.4330588322544332e-27,0.02377981504934509
1299.0,2.4442817163687636e-27,0.015146861683145739
1300.0,2.4067118688716776e-27,0.021140963002384706
1301.0,2.4017429977978914e-27,0.04295597956313496
1302.0,2.429375103147406e-27,0.045936685843755376
1303.0,2.4629784658145553e-27,0.048484743193468356
1304.0,2.471589860842873e-27,0.044592029698704704
1305.0,2.4552092882323597e-27,0.037290361313485065
1306.0,2.450300183141088e-27,0.019453771164459153
1307.0,2.43618687265243e-27,0.03618966670629128
1308.0,2.4128693567663857e-27,0.013646102516449446
1309.0,2.435513042637394e-27,0.02769147289843171
1310.0,2.432527081065516e-27,0.0597523758790866
1311.0,2.403911472050752e-27,0.006751289774943329
1312.0,2.3998970536461937e-27,0.0031432248604798528
1313.0,2.386679813984172e-27,0.051654399148244004
1314.0,2.364259753064687e-27,0.040376440345848884
1315.0,2.3684394139542735e-27,0.020032724410261417
1316.0,2.3458576457707875e-27,0.07810450140980135
1317.0,2.2965144485142287e-27,0.012611425860106128
1318.0,2.3381227038396593e-27,0.0373917214113909
1319.0,2.346317378242183e-27,0.03800402387581672
1320.0,2.3210984717217995e-27,0.12533255614008088
1321.0,2.3258300872885073e-27,0.012332571986242862
1322.0,2.3265897840946186e-27,0.03480473852384842
1323.0,2.3233775621401336e-27,0.04021986534010998
1324.0,2.3042688132972604e-27,0.036147605731563795
1325.0,2.2834361671342124e-27,0.0925819614988354
1326.0,2.2608796236509892e-27,0.025659007718320078
1327.0,2.291424155932272e-27,0.09522075742420587
1328.0,2.300625583803249e-27,0.037424496029118466
1329.0,2.2884839072639197e-27,0.016182225866827552
1330.0,2.2995603512441337e-27,0.014410576848151486
1331.0,2.2950354815653712e-27,0.038380623850146
1332.0,2.2749092982276317e-27,0.019963957171041984
1333.0,2.2594605735989866e-27,0.05403864117195078
1334.0,2.260313072257279e-27,0.030970987364197823
1335.0,2.2774667942025102e-27,0.005534518101815092
1336.0,2.3077251766297577e-27,0.07082460305689249
1337.0,2.321805570546089e-27,0.020071235963575438
1338.0,2.3197079759515052e-27,0.04489759602846935
1339.0,2.281500495578741e-27,0.06280988931476773
1340.0,2.293047829558996e-27,0.02320487649915927
1341.0,2.3543499778922704e-27,0.09819929404832956
1342.0,2.3322940225928494e-27,0.09322917079212421
1343.0,2.3004228130474713e-27,0.02201395056254238
1344.0,2.258736349256136e-27,0.012268622109686229
1345.0,2.3373512206176767e-27,0.044604978248002164
1346.0,2.372112819942802e-27,0.011713947159200256
1347.0,2.3630211472315116e-27,0.048473893888637584
1348.0,2.3233658837213495e-27,0.07771046868615311
1349.0,2.2951913218018593e-27,0.02409201037235964
1350.0,2.2784974614730408e-27,0.055193734769984654
1351.0,2.292434958327939e-27,0.0022860444276469856
1352.0,2.3037330932207792e-27,0.015977542626109783
1353.0,2.312391866151561e-27,0.009287680891503598
1354.0,2.2907602810417348e-27,0.027938078859872945
1355.0,2.3079965898126592e-27,0.013708421464273977
1356.0,2.3641007924643334e-27,0.07637256139184459
1357.0,2.351687355761315e-27,0.1518748890702853
1358.0,2.329727423780364e-27,0.027115073910550055
1359.0,2.2982209965214813e-27,0.0007517204125285603
1360.0,2.3292163415769916e-27,0.03380722732237155
1361.0,2.3653923328008194e-27,0.05255665953220731
1362.0,2.4067489701929644e-27,0.023935426337544606
1363.0,2.385469508374125e-27,0.011614887920044047
1364.0,2.3558371851471057e-27,0.028505771027106348
1365.0,2.317852000511906e-27,0.13038758098579206
1366.0,2.3507356260145002e-27,0.0791153423896713
1367.0,2.33884939985548e-27,0.02334822741314259
1368.0,2.282193322034846e-27,0.04890960341090901
1369.0,2.2499008331746866e-27,0.04599836227065489
1370.0,2.2495688078544608e-27,0.008517580783550159
1371.0,2.2811972460741688e-27,0.02150520811684388
1372.0,2.2828592760728532e-27,0.03577262439927023
1373.0,2.281490065069817e-27,0.022928428712455637
1374.0,2.2770896130650593e-27,0.042446349513369286
1375.0,2.2906097805511608e-27,0.07186077699556913
1376.0,2.296734192406414e-27,0.04437401579621445
1377.0,2.2954628486308196e-27,0.008972587671941673
1378.0,2.260991617360472e-27,0.0007220310044733849
1379.0,2.2640089078722113e-27,0.06323105282801057
1380.0,2.304514720166037e-27,0.14579209572328156
1381.0,2.346026740988251e-27,0.0220172086805038
1382.0,2.3711012533535255e-27,0.06844172324550832
1383.0,2.3797382572618603e-27,0.041668434824061525
1384.0,2.3836442110878192e-27,0.026224515850781827
1385.0,2.4207817537148253e-27,0.014949708167239518
1386.0,2.491150885142879e-27,0.04652455463719453
1387.0,2.4849807478779404e-27,0.03354812931860189
1388.0,2.4790862796330246e-27,0.04897417454873389
1389.0,2.4734674804081316e-27,0.06549048563397385
1390.0,2.4859934047582097e-27,0.05798068434293403
1391.0,2.5144957847683898e-27,0.04408027250666656
1392.0,2.5589746204386717e-27,0.028283545066444166
1393.0,2.606520845830176e-27,0.04958827922838249
1394.0,2.6269957088249086e-27,0.023921504985346124
1395.0,2.6203992094228687e-27,0.026454634285170527
1396.0,2.63030083642785e-27,0.05622278201836243
1397.0,2.6157127762266834e-27,0.01701199678491402
1398.0,2.5766350288193684e-27,0.04180826997053617
1399.0,2.5688547465622367e-27,0.0716085644420537
1400.0,2.553457791042952e-27,0.04034361667011409
1401.0,2.5304441622615144e-27,0.11006625460759134
1402.0,2.502837746254075e-27,0.009696892850273392
1403.0,2.5143318701461717e-27,0.021809188469257765
1404.0,2.5649265339378056e-27,0.017638848041123145
1405.0,2.5433044912532674e-27,0.04112444091280326
1406.0,2.525570221605977e-27,0.011129742831056484
1407.0,2.5117237249959348e-27,0.0010366112010728229
1408.0,2.5240297357581177e-27,0.007275568683070901
1409.0,2.5497792114101537e-27,0.0608225648145451
1410.0,2.5889721519520426e-27,0.004648292327464179
1411.0,2.604094919524711e-27,0.05521098246976574
1412.0,2.6521566959026493e-27,0.07057489956134613
1413.0,2.733157481085857e-27,0.030868459514477697
1414.0,2.7311933477212067e-27,0.09681539014043478
1415.0,2.734070572499065e-27,0.0628039706585764
1416.0,2.741789155419431e-27,0.13890033279961392
1417.0,2.7499185563685918e-27,0.03766643167017206
1418.0,2.7748091725971873e-27,0.0680994074369453
1419.0,2.816461004105217e-27,0.058421538288521035
1420.0,2.8307975368624143e-27,0.04197951916969116
1421.0,2.8360258927630773e-27,0.09536348769858309
1422.0,2.8321460718072062e-27,0.020391276212424078
1423.0,2.8042127421037516e-27,0.011282744173085734
1424.0,2.7936948730530525e-27,0.029219892025902396
1425.0,2.8005924646551096e-27,0.004029412391556409
1426.0,2.8409511912846835e-27,0.08184474207000131
1427.0,2.8548492492536234e-27,0.0670710594524938
1428.0,2.8422866385619278e-27,0.030279378313096395
1429.0,2.8570770394387748e-27,0.05227149572410431
1430.0,2.8676939404781617e-27,0.06810580115890662
1431.0,2.874137341680088e-27,0.013434124562375966
1432.0,2.8984089164612755e-27,0.003696514896016564
1433.0,2.8983805857933898e-27,0.026719711890581633
1434.0,2.874052349676431e-27,0.0653406624892748
1435.0,2.9413110812221758e-27,0.04692282678779925
1436.0,2.9556828318700437e-27,0.019971935861946098
1437.0,2.917167601620035e-27,0.02271498045993608
1438.0,2.9055241683937384e-27,0.03661080644164474
1439.0,2.912832216334007e-27,0.03652584407493277
1440.0,2.9390917454408407e-27,0.02807184021531617
1441.0,2.9464950433438226e-27,0.055703187520865116
1442.0,2.961588503737838e-27,0.03263372445760895
1443.0,2.9843721266228868e-27,0.0035954989750944543
1444.0,2.968488879958684e-27,0.045491652207656365
1445.0,2.95879184009e-27,0.08820003542471545
1446.0,2.955281007016835e-27,0.021185120047470314
1447.0,2.9543285597999463e-27,0.033456459914355745
1448.0,2.97594520206079e-27,0.029451488414302077
1449.0,3.020130933799366e-27,0.09580022315118597
1450.0,3.0383951990437197e-27,0.05018511469294638
1451.0,3.0581061897170765e-27,0.049849192749171156
1452.0,3.0792639058194353e-27,0.04144103087913635
1453.0,3.058046606718004e-27,0.035686807897158015
1454.0,3.0605127711317115e-27,0.021883802894737434
1455.0,3.0866623990605587e-27,0.015762145154889117
1456.0,3.091002265067014e-27,0.0063968732244320085
1457.0,3.1121822621319256e-27,0.015294300983179375
1458.0,3.1502023902552936e-27,0.12439985433487721
1459.0,3.20594796638151e-27,0.08400380955192609
