time,normalised_flux [arbitary unit],error
0.0,0.5254906114140268,0.02283916104691405
1.0,0.5235186742764817,0.00291711694579294
2.0,0.5210264738050423,0.02443031530560342
3.0,0.5179933296190907,0.09553906809221241
4.0,0.514532376091043,0.020521358143198887
5.0,0.5107212872201181,0.035610450340986914
6.0,0.506779926634751,0.005997860825494467
7.0,0.5028453590077258,0.03526334516270891
8.0,0.4985975380840295,0.006914086740068364
9.0,0.4939447668743498,0.05964779669994327
10.0,0.48952463547007535,0.008704844845442105
11.0,0.4855510942061978,0.046416746249240984
12.0,0.4820950695340529,0.03991209809433638
13.0,0.47930017083928683,0.032116103112553966
14.0,0.476533002997824,0.05802426469239961
15.0,0.4735214061403172,0.05270546336020937
16.0,0.4710629099396003,0.03783804232740673
17.0,0.46935630568131365,0.007091217033458253
18.0,0.4687946043498356,0.06851402002305025
19.0,0.4696867792643172,0.14723024926475303
20.0,0.4720169595086177,0.07220090539984057
21.0,0.4758324091439377,0.00434308930802187
22.0,0.48059622172994904,0.023705333714750684
23.0,0.4860036783303747,0.04141576137127323
24.0,0.4914105841704422,0.04508469503403103
25.0,0.4963861532727362,0.009816940913664234
26.0,0.501336404137324,0.033890144395591536
27.0,0.5063122307243991,0.05587443735050706
28.0,0.5109187652383923,0.011586815744185255
29.0,0.5150941334734473,0.051411126050849736
30.0,0.5193562639433936,0.010025637151542172
31.0,0.5238865801789949,0.11096172875352339
32.0,0.5285023051756703,0.010089336683324294
33.0,0.5332179180092107,0.0024689168395429957
34.0,0.5382861307083033,0.06687758820146195
35.0,0.5437757031680053,0.023649503264487542
36.0,0.5495187629104836,0.03572303786537521
37.0,0.5554667549705598,0.04991747636452191
38.0,0.5616822549758502,0.030185900241546007
39.0,0.5681524258010783,0.09127370067072896
40.0,0.5746155554441766,0.012000132580027696
41.0,0.5809599113964466,0.011650898488356595
42.0,0.5877179604956148,0.12628110182316873
43.0,0.59507096877945,0.07087736174517044
44.0,0.602609271215119,0.01867718148685122
45.0,0.6102509243675631,0.08122788180716142
46.0,0.6179724874174967,0.010261795819929498
47.0,0.6256802730350404,0.03248707155794114
48.0,0.6338289266593621,0.020386921229264946
49.0,0.6425940439774641,0.011150709444383101
50.0,0.6509909058530959,0.037824047166230376
51.0,0.6586818338214051,0.004580645514529427
52.0,0.6653274796767257,0.054365528886896435
53.0,0.6705987692737527,0.013326874273869244
54.0,0.6750666079663045,0.0284230419844766
55.0,0.6789387859974719,0.03984211733485717
56.0,0.6817250429319827,0.08351722765581496
57.0,0.6833858231088346,0.04303682682375304
58.0,0.684978991103312,0.015919627413603348
59.0,0.6869084885676515,0.04829172964143635
60.0,0.688726669394551,0.002175601943320096
61.0,0.6904385215652864,0.025754807810331373
62.0,0.6918531052575396,0.055485843242768076
63.0,0.692802247503617,0.008492804074627948
64.0,0.694088413266254,0.14709788481853506
65.0,0.6959983675152474,0.11738737192902296
66.0,0.6986885022309829,0.06623536170470691
67.0,0.7023847554336946,0.024813682861450255
68.0,0.7073763711610395,0.008869999732606259
69.0,0.7137989619556306,0.000820190578773365
70.0,0.721366276879263,0.12769270796424464
71.0,0.7299448448480839,0.08829889630523412
72.0,0.7387190344618554,0.004946805522456901
73.0,0.7472308813294943,0.01670468908576641
74.0,0.7560541583449188,0.1067232659550407
75.0,0.7652612708056498,0.02453637351925804
76.0,0.7742189337159542,0.005819538064262295
77.0,0.7827770463877005,0.012231856664088686
78.0,0.7911590621966903,0.06491513947515815
79.0,0.7993713360664895,0.0896824629044207
80.0,0.807497092387675,0.034248504328921
81.0,0.8156139226671878,0.040721232534507386
82.0,0.8233984528599807,0.01590742495883563
83.0,0.8307415247500513,0.09546455832785306
84.0,0.8377988336307904,0.040429998130127716
85.0,0.8445777876145512,0.039014788229645526
86.0,0.851223502643256,0.004431753859117936
87.0,0.8578370290922354,0.012943607216608222
88.0,0.8643200365249635,0.003475908887285623
89.0,0.8706725894600477,0.01833690546056937
90.0,0.8763382366088116,0.0188112316656862
91.0,0.8810580759253529,0.010374765044377007
92.0,0.8850937581863876,0.017073574357342632
93.0,0.8884643731218745,0.006921999440863691
94.0,0.8916256153264727,0.03928142413353486
95.0,0.8948548800199005,0.02589385383171259
96.0,0.8976907758345559,0.06815130007120261
97.0,0.9000476335398028,0.03241948171482644
98.0,0.9019856472842259,0.04036188350011957
99.0,0.9034427579193965,0.01654537269408354
100.0,0.9042815970202702,0.01366201760805437
101.0,0.9044547182188266,0.029768253535497575
102.0,0.9047672211895578,0.024751874517801028
103.0,0.9055673895330563,0.02362900701179938
104.0,0.9067767238718552,0.04066840380575794
105.0,0.9085193634788422,0.020158186600428056
106.0,0.9107452451980166,0.04231654607495539
107.0,0.9134022082502249,0.06247219962829244
108.0,0.9159796363636689,0.03895245500813527
109.0,0.9182069999523823,0.015006234363914562
110.0,0.9203059230205823,0.03803351588935883
111.0,0.9222688801968738,0.13018062701949334
112.0,0.9237058913815849,0.011562065880729966
113.0,0.9245068740293949,0.003108960636171152
114.0,0.9248281698763899,0.06587114916824618
115.0,0.9246956112245517,0.02950159753595587
116.0,0.9239199476018729,0.055535793132896444
117.0,0.9224662800776448,0.0524126455421632
118.0,0.920781363166559,0.0144642994782576
119.0,0.9190470797245632,0.011059828056005689
120.0,0.9174163325741898,0.042797614772553616
121.0,0.9160471446336942,0.0005779221514576871
122.0,0.9147752467084964,0.04668338072599053
123.0,0.9135573500822658,0.09731026639415907
124.0,0.912536448372694,0.10630171413254184
125.0,0.9117232481487872,0.014744623822943585
126.0,0.9105982655835337,0.06232301202769311
127.0,0.9089535482787321,0.08611539122473258
128.0,0.9064444925337196,0.04080636875310634
129.0,0.9028342566288035,0.052759753732387775
130.0,0.8986456294162903,0.05311620178730228
131.0,0.8940668325448953,0.030823224501891316
132.0,0.8892434430562244,0.030702139360936055
133.0,0.8843800159914925,0.037994394266436894
134.0,0.879811627185269,0.06523877028617223
135.0,0.8757273219540661,0.0773659054117385
136.0,0.872899189889851,0.055085313599547096
137.0,0.8716965825178985,0.01643807264573179
138.0,0.8719086974576745,0.02640898461765396
139.0,0.8735433782886804,0.12768442842964778
140.0,0.8758389740349705,0.010388153700814445
141.0,0.8783611383490273,0.11461099782292034
142.0,0.881405442166777,0.07466811644394691
143.0,0.8849044460555199,0.011850356617076393
144.0,0.8879937509123339,0.036639761761039835
145.0,0.8903576351484247,0.10803354157524764
146.0,0.8920096038220262,0.05891723346740701
147.0,0.8928249928233208,0.06605752412514404
148.0,0.8928926405811234,0.037396543519223495
149.0,0.8922814479520194,0.028534555028880748
150.0,0.8917426786776137,0.12675701788262203
151.0,0.8916651499663051,0.059398239012215005
152.0,0.8915219213111532,0.03468582609270079
153.0,0.8912326616487382,0.0041823002694967686
154.0,0.8906113984115088,0.028806103025792923
155.0,0.8894622838829235,0.04823906273999213
156.0,0.8878825149101722,0.0189525144129667
157.0,0.8858670651170066,0.02684639131786228
158.0,0.8832579309787343,0.04944641157154009
159.0,0.8800346092988617,0.003566649900471568
160.0,0.8768325448565372,0.09865814057746336
161.0,0.8739236354559676,0.0008851413397640874
162.0,0.8707823308840982,0.0009186041532619583
163.0,0.8673097425405665,0.018917874864259207
164.0,0.8633345282914363,0.0008156069743335392
165.0,0.8586826788260435,0.06554011786543282
166.0,0.8534690931585276,0.08678911835312736
167.0,0.8477073586247512,0.04232286477288101
168.0,0.8414395267216439,0.01951505447060445
169.0,0.8347389469015994,0.01684267112951896
170.0,0.8285626605790395,0.024838333223411484
171.0,0.8233572651872564,0.1395419613926011
172.0,0.8191839075561272,0.019825917242902964
173.0,0.8162379834229598,0.018120423781874343
174.0,0.8142948816916554,0.02440565159073548
175.0,0.8132234372159162,0.008513430847008696
176.0,0.8123653547244113,0.05845452902233869
177.0,0.8113269816436133,0.09130933432337389
178.0,0.8104983776697529,0.021151858970331394
179.0,0.8099051596695922,0.023942527430313738
180.0,0.8089818531975994,0.023292742032346065
181.0,0.8075742755894358,0.011551688226406181
182.0,0.8053301106774773,0.00492677888826843
183.0,0.8020200285795871,0.023691810223896992
184.0,0.7984490810838067,0.03672223968392771
185.0,0.7949178853839138,0.06192044606794437
186.0,0.7914603569385195,0.13153133752422927
187.0,0.7882741270272462,0.07660361437209359
188.0,0.7857075687652281,0.06376697460944486
189.0,0.7839185918229897,0.07733708170605452
190.0,0.7827951585930967,0.08189777988987894
191.0,0.7823128069143166,0.050150325009837626
192.0,0.7826053627100511,0.049490700646605615
193.0,0.7836764311353432,0.00212312636093799
194.0,0.7849757608508398,0.023856421429012575
195.0,0.786258270359952,0.056490415368645276
196.0,0.7871395376483585,0.033553241958498674
197.0,0.7873412851368453,0.016371321217005724
198.0,0.7872672469818031,0.03657064551837147
199.0,0.7870340379409428,0.04173781081443753
200.0,0.7862781793369494,0.011049149589896402
201.0,0.7849532665123355,0.04152958398226884
202.0,0.7830352911639363,0.005538192920620286
203.0,0.7804695525295573,0.050324311189596904
204.0,0.777306377048587,0.03934157816552783
205.0,0.773572986035253,0.014283950535020865
206.0,0.7694923981894831,0.059360162232975855
207.0,0.765196319289881,0.13427235546173508
208.0,0.760679996032996,0.059186008806332735
209.0,0.7559977365541019,0.025089697707486786
210.0,0.7508128441838825,0.03815226727933904
211.0,0.7449833540350899,0.037996595021338384
212.0,0.7386360581628898,0.08703010353112528
213.0,0.7317680358869272,0.01784688707587826
214.0,0.7238454244855806,0.016476618445435312
215.0,0.7146813230253977,0.007720265731683419
216.0,0.705143406737127,0.08076172314442835
217.0,0.6955428320445581,0.03908340239109412
218.0,0.6854271315170833,0.046513492356037106
219.0,0.6747898755159583,0.02165839703353399
220.0,0.6637543758155611,0.07373451233127161
221.0,0.6523077119497902,0.06379412717223343
222.0,0.6408659373455365,0.044777150846990854
223.0,0.629622073304116,0.05559685451023662
224.0,0.6184914602731996,0.022021516305673845
225.0,0.6075260332549757,0.012819489151686278
226.0,0.5975644671839498,0.0650396459671096
227.0,0.5889426630829424,0.05272974765440228
228.0,0.5809418514567868,0.08961794421182327
229.0,0.5733742014633469,0.026722349067210452
230.0,0.5665461166389705,0.00527992398245097
231.0,0.56041954948923,0.06270183254762518
232.0,0.5548739388939125,0.006375547741692993
233.0,0.5498748406350193,0.006695437147218867
234.0,0.5449822195083822,0.012435939949847132
235.0,0.539981122309189,0.020030010091761766
236.0,0.5352753710004635,0.01057118425198579
237.0,0.5309477040031217,0.058663343951200576
238.0,0.5268675582263662,0.025457931502217986
239.0,0.5230558314525894,0.007913474342216889
240.0,0.519853156647354,0.03458381280640236
241.0,0.5173825302936799,0.0055113390097762515
242.0,0.5157672133694036,0.010491129695733122
243.0,0.5150977091371035,0.013421109070836771
244.0,0.5159110051987468,0.011054439795915479
245.0,0.5184323664185563,0.07044124036164512
246.0,0.5225405259573873,0.02340759778983213
247.0,0.5282307733053472,0.06227408339891796
248.0,0.5348073860083173,0.03792457560002804
249.0,0.541885316616654,0.027213233855488923
250.0,0.5491175195294178,0.06493802631428039
251.0,0.5561744091845967,0.00451856410094333
252.0,0.5632901454049365,0.035190291069024854
253.0,0.5705017353125724,0.0930909030557685
254.0,0.5777443921321336,0.06956943219125561
255.0,0.5850643091572996,0.10253351306080981
256.0,0.5924849823289031,0.053340585683526766
257.0,0.6000180476308353,0.05012084499852315
258.0,0.6068425248110605,0.04523176825033038
259.0,0.6126000893917953,0.015269805467724083
260.0,0.6175228697842752,0.011574394245719523
261.0,0.6215670729245724,0.00631913360339348
262.0,0.6245160530549551,0.041522282122570725
263.0,0.6263551424699955,0.040306579173577245
264.0,0.6274652906673879,0.012113740826407898
265.0,0.6280292241959664,0.09760052171756095
266.0,0.6281012263917114,0.036182592865596254
267.0,0.6278042296088667,0.022369516853132623
268.0,0.6275963738254541,0.006288952567005037
269.0,0.6276995417976424,0.030225262817241777
270.0,0.6280916490982464,0.050908237299667536
271.0,0.6288355242606664,0.011506236667138708
272.0,0.6301164270494628,0.052593970953015656
273.0,0.6319906028012293,0.01105729842628362
274.0,0.6340400249548387,0.10519807300757436
275.0,0.636090899411733,0.02383669389025229
276.0,0.6377867587899824,0.02879050247148352
277.0,0.6388841436517055,0.03520454189984542
278.0,0.639376579512656,0.06828269262668833
279.0,0.6392020827347271,0.045939695099434956
280.0,0.6385017521739145,0.0057093800209971225
281.0,0.6373722963396662,0.003154441342722666
282.0,0.636070608125363,0.046426660194832825
283.0,0.6347666738725461,0.11558174082841106
284.0,0.634289653383309,0.10851360769518195
285.0,0.6350516245515349,0.03171613882824884
286.0,0.6365775543130447,0.08006660031006695
287.0,0.6387901997370149,0.010771112153676913
288.0,0.6411882280690163,0.07637974511559648
289.0,0.6434183297785032,0.03386403998787534
290.0,0.645367842714968,0.09637163036237123
291.0,0.6468596303810705,0.03930510325345694
292.0,0.647757076125323,0.013264564975137387
293.0,0.6480066978494528,0.04441954344636023
294.0,0.6479388528577236,0.011267183159745606
295.0,0.6477122005600038,0.02676008993551661
296.0,0.6467632673716424,0.028103883577255157
297.0,0.6449350973067137,0.02870040827312082
298.0,0.6426336910054118,0.015555050783955067
299.0,0.6399444267310915,0.07637132586120937
300.0,0.6370254299032001,0.01981792612530221
301.0,0.6340307898201882,0.010149519025652438
302.0,0.6311290148734853,0.06696030598035331
303.0,0.6284415541274175,0.020302875168836068
304.0,0.6257555179005622,0.052751807782868976
305.0,0.6230004732493487,0.05254784130317766
306.0,0.6202159709964075,0.050196164393781044
307.0,0.6173674645940985,0.08107054683912475
308.0,0.6140087734089713,0.055806797234810614
309.0,0.6099516908506678,0.0271599983604935
310.0,0.6053651895107578,0.08439955778096227
311.0,0.6002563593756842,0.10736078818370687
312.0,0.5946623342288045,0.026712913588182636
313.0,0.5886560072322344,0.05866198091028725
314.0,0.5826645947120939,0.014142533858104843
315.0,0.5769076507031525,0.03484056471228054
316.0,0.571016435993061,0.017766823966096683
317.0,0.5649112094712132,0.06604823623146654
318.0,0.5591761739058216,0.07420883427182244
319.0,0.5539853347719765,0.07475891180784852
320.0,0.5497816145376978,0.0042188528315441265
321.0,0.5468474007452164,0.0575531657386662
322.0,0.5441226981828982,0.013381320375767936
323.0,0.5412119613262643,0.09595448443106037
324.0,0.5385674449758394,0.0668679444811052
325.0,0.5361479737265117,0.051613996780045295
326.0,0.5340840837745181,0.021468529239771942
327.0,0.5325063544764588,0.05486567605644721
328.0,0.5310710062873387,0.05614230830658415
329.0,0.5296731466992467,0.00629994834486187
330.0,0.528261190223032,0.019782136153094442
331.0,0.5267330432256424,0.028655639496090658
332.0,0.5251085092079338,0.03706845378311391
333.0,0.5233823829613135,0.001273562126897847
334.0,0.5215135517301032,0.00873622037816884
335.0,0.5195004436103927,0.03045489346737193
336.0,0.5173373721210324,0.1174247029929564
337.0,0.515020705086383,0.04494458028965629
338.0,0.5120572240421679,0.05006924552715514
339.0,0.5082405308545311,0.030893749138278227
340.0,0.5044046183510461,0.16072543224735625
341.0,0.5008325835357313,0.08508226963204996
342.0,0.49781794595012646,0.009172454207079465
343.0,0.4956550990752134,0.01925418444356833
344.0,0.4938834444199155,0.14390332533161534
345.0,0.4923532569443418,0.01670788519340174
346.0,0.4906147534830468,0.018672660852711416
347.0,0.48834453058573646,0.005653322645889349
348.0,0.4859825441627511,0.009067791955325073
349.0,0.48362364744393554,0.028807399366651727
350.0,0.48103298150706386,0.026707680016962578
351.0,0.4782176697405381,0.07189884913169947
352.0,0.47542647421907197,0.0020266016830858056
353.0,0.47274430552481006,0.030916945960493526
354.0,0.4700850822179768,0.020091358232712103
355.0,0.46745264024404304,0.0176272734937271
356.0,0.4652018749476988,0.030291160537101854
357.0,0.46346664050610853,0.02824103483571899
358.0,0.4623712666851412,0.004611525330707768
359.0,0.46201783834893523,0.00775964041197126
360.0,0.46195781499718563,0.07726155074183291
361.0,0.46200154159880913,0.048406864203094084
362.0,0.4616998269030451,0.028923192796026592
363.0,0.4607517961069529,0.01776277851180655
364.0,0.4588341945550915,0.02258430494686492
365.0,0.455728614731001,0.09549368746559739
366.0,0.45209083511277,0.012499541986996677
367.0,0.44818883584006475,0.04333469633187753
368.0,0.44368748124061197,0.040259004118778696
369.0,0.4386123253835619,0.040720727526418976
370.0,0.43318946100434647,0.012400832704911532
371.0,0.42747517320907635,0.007876823192675433
372.0,0.4214946398523073,0.014707806509582878
373.0,0.41529433324698556,0.009782273287965043
374.0,0.4091159991237303,0.01790006819913023
375.0,0.4030774910520554,0.04751672957369646
376.0,0.39660557465705243,0.03141121629532796
377.0,0.3894961033353593,0.06889670351632915
378.0,0.3823048024909768,0.0769564064562344
379.0,0.37516891543251496,0.004873291263655533
380.0,0.3683909041103083,0.07824706427420988
381.0,0.3622117021527902,0.03084966756794302
382.0,0.3566789858673115,0.07872452836129301
383.0,0.35187247952783646,0.044542229761558264
384.0,0.3476656891143802,0.0019134827590816294
385.0,0.3439754933127187,0.05068400701250475
386.0,0.34084757639409896,0.0134253861463263
387.0,0.33824341150258375,0.023728655982149238
388.0,0.33624353609136376,0.09265780979760646
389.0,0.3348707209915839,0.07658761486263832
390.0,0.3329971506095801,0.034002499998712535
391.0,0.3301400569690977,0.03262940831137769
392.0,0.32753870894719644,0.10040429827497875
393.0,0.3255207016905982,0.05479454783375676
394.0,0.32393625309515905,0.0526106108146947
395.0,0.322966721970253,0.016170535677064737
396.0,0.32233716493590114,0.09622563241866117
397.0,0.3219082702597084,0.01644993886610693
398.0,0.3215905998432228,0.009865749390686473
399.0,0.3212480085372348,0.008000549932421096
400.0,0.3211006681420933,0.005099794600891589
401.0,0.32121999946577806,0.00684734419356153
402.0,0.32147864587891417,0.016693886354254405
403.0,0.32186981164324213,0.021086605927699342
404.0,0.3216737368786742,0.03138086596719804
405.0,0.32055619915829237,0.00044155259577070794
406.0,0.3196824348506969,0.012476795120610722
407.0,0.3194269321537429,0.03125935074479256
408.0,0.31943589652224685,0.010214413226030478
409.0,0.31978793474382605,0.0024099340921299966
410.0,0.320885118658322,0.02178623904554324
411.0,0.32283203890704604,0.009456332272416466
412.0,0.32508259735861583,0.007637712605608623
413.0,0.32742879077947,0.019334504899593166
414.0,0.330451754067136,0.05104649861220237
415.0,0.3342829806947312,0.03411906066932501
416.0,0.3386264644625886,0.03472937105656594
417.0,0.3434423717435096,0.03845781454148999
418.0,0.3487714433552543,0.02888665921199561
419.0,0.3545682328767623,0.0006509594750424143
420.0,0.3601861516237653,0.04199240002006476
421.0,0.36532988014535495,0.010778946826246423
422.0,0.3705363950122661,0.022258446748101016
423.0,0.3759188985414455,0.013352268351296066
424.0,0.3814537411431961,0.00870531123601505
425.0,0.3872403093140012,0.026084975853940314
426.0,0.39357065957192067,0.0449601415173332
427.0,0.4005778982934128,0.015897089375076383
428.0,0.40765992970284876,0.08779756119664979
429.0,0.4145852460743549,0.12207229873810228
430.0,0.42115143050081943,0.05057657808590951
431.0,0.4271424855186204,0.0385795418225508
432.0,0.43340369876524887,0.015377189260695923
433.0,0.44026493094199554,0.03377855085578991
434.0,0.44687238429758985,0.03283227367433015
435.0,0.4530396782259889,0.015257142573193766
436.0,0.4588489308594232,0.007797350929386876
437.0,0.4641793613101059,0.023659483555024785
438.0,0.4694141687873465,0.07566720090765384
439.0,0.4747267419488922,0.048464334603794346
440.0,0.4799393131964861,0.005738897702722178
441.0,0.4850726610598669,0.0066509584918053866
442.0,0.49028347227067537,0.07093562530790497
443.0,0.49560654826329426,0.010530517906350513
444.0,0.5007145975882153,0.12426445999871345
445.0,0.5054851565966711,0.019245967315816164
446.0,0.5100744799561033,0.022297549245283405
447.0,0.5144933978031359,0.051415780134301516
448.0,0.5181698161463685,0.021181330929180536
449.0,0.5208921532729397,0.05733842687341489
450.0,0.5235347209033565,0.02018599029738124
451.0,0.5263934041663534,0.0035885952693584834
452.0,0.5291604134194857,0.04246143933585356
453.0,0.5318834734367277,0.04379226390765811
454.0,0.5343456625458161,0.005624074895360646
455.0,0.5364029625132936,0.008880331191948943
456.0,0.5383928212390894,0.06030343664082073
457.0,0.5404019494396407,0.09273128806269873
458.0,0.5421435982048352,0.05100829504173107
459.0,0.5435692810804724,0.041075117060015764
460.0,0.5443001769566586,0.003154251910267401
461.0,0.5441320912931943,0.09309344131714421
462.0,0.5428794751911424,0.007759857877207924
463.0,0.5404044436889522,0.0379867480349915
464.0,0.5373724027140752,0.058554523899297155
465.0,0.5340785739072098,0.07015560019627037
466.0,0.5305413528455909,0.06879642749624841
467.0,0.5269330748105656,0.021235405408318794
468.0,0.5233751773345983,0.02217331068024532
469.0,0.5199315875437897,0.024004548410849254
470.0,0.5170715367077064,0.06718676494918824
471.0,0.5149972674943963,0.018970501784903518
472.0,0.5130924934678587,0.08608143812164187
473.0,0.5111574690744183,0.023038743549038333
474.0,0.5090959497834574,0.09211639133331427
475.0,0.5067307394637766,0.015286675860755545
476.0,0.5040579094068,0.025896152319683993
477.0,0.5010543924216647,0.1131840346204922
478.0,0.49791508691793523,0.021668382626075382
479.0,0.49475374065706673,0.06448274895525019
480.0,0.491635482144588,0.02142859047799464
481.0,0.4886385412974835,0.0400346038254098
482.0,0.4857275150695245,0.021879259911088855
483.0,0.48289627695310355,0.026012200202474103
484.0,0.4802059568125125,0.04793921514581484
485.0,0.4776644772574298,0.025590241838038787
486.0,0.475263366402086,0.047106884762351975
487.0,0.4730013554435969,0.055921215993384094
488.0,0.47065302430486383,0.08059344608649444
489.0,0.4681162057826587,0.06373354513510537
490.0,0.46525991458952376,0.03535768480748451
491.0,0.4619869080579273,0.006090321086391851
492.0,0.4586215463296413,0.0599051959319207
493.0,0.45529010688087834,0.031817672889035954
494.0,0.4517168221820423,0.0036407752121347947
495.0,0.44785849442454456,0.04878893126949536
496.0,0.44355469938789854,0.02086800663556602
497.0,0.4386920041070318,7.717725844043852e-05
498.0,0.43348256537758134,0.03810124563422956
499.0,0.4279924704441395,0.026718596036870546
500.0,0.42237499232022496,0.022025648814065484
501.0,0.4167562784701791,0.06620208013363638
502.0,0.4121230198739303,0.07213188726752308
503.0,0.4089383154066471,0.020325131439612957
504.0,0.40654554230028755,0.07816338317910998
505.0,0.4048188332512758,0.0007808767200829623
506.0,0.4041261810816299,0.022623754094991164
507.0,0.4044538544962497,0.05376463741608463
508.0,0.4057270970818249,0.06017976588278898
509.0,0.4079254612791681,0.04355569602638726
510.0,0.41031876756462876,0.010205560125108025
511.0,0.41256128520592533,0.012344957875704617
512.0,0.4150190150847815,0.008874212158043371
513.0,0.4176965733034293,0.057517294524545494
514.0,0.4199560488072011,0.061910104018291646
515.0,0.4215985233839102,0.12068560650268377
516.0,0.42189758876378236,0.05875458798220347
517.0,0.42044894766064217,0.07983917955426437
518.0,0.4180940267737948,0.08283541958465232
519.0,0.4150914254046401,0.1165740422749561
520.0,0.4109410361089291,0.06697093326066342
521.0,0.40564747422130576,0.05116289590974005
522.0,0.39997933116239315,0.049142958156170695
523.0,0.3942234118216021,0.031927384381009255
524.0,0.3882549473565612,0.03332076451721609
525.0,0.3821629766158686,0.00517214827100573
526.0,0.3768375523349185,0.051486718595569664
527.0,0.37264393360282216,0.013404756871080697
528.0,0.36969792367732557,0.02675309109655329
529.0,0.3681784370012991,0.021419881718722195
530.0,0.36762066323064435,0.06047433551278902
531.0,0.36779859653442754,0.009866708826562388
532.0,0.3683547384772439,0.025530277776881573
533.0,0.36898663331659926,0.05495197526224346
534.0,0.3692491017204806,0.01668644076056878
535.0,0.36886495107316425,0.022941862350694096
536.0,0.36790677101136604,0.041403750091997746
537.0,0.3663504012618971,0.013174729425154116
538.0,0.3642926373383762,0.03596376315283557
539.0,0.3618307624674985,0.00023068212700940233
540.0,0.35904048868417154,0.014018700404649235
541.0,0.3560053933557553,0.09156745254238986
542.0,0.3529806546125835,0.013489461047104004
543.0,0.35009693405074,0.07967884166422663
544.0,0.3476197409056771,0.030192839075656952
545.0,0.3457039452940697,0.009311062185638964
546.0,0.3443895666080851,0.012432120526581575
547.0,0.34372688340335417,0.00841999630161865
548.0,0.34332240416969584,0.06074408932575294
549.0,0.3429853926449686,0.022391852702882742
550.0,0.34227181770415593,0.019074830624320194
551.0,0.3408957438474875,0.015491814488426972
552.0,0.339635881543222,0.018363685303734632
553.0,0.33875359970367513,0.02554150946402105
554.0,0.3378183526603658,0.056304140063808676
555.0,0.33681392514111935,0.022612889742060348
556.0,0.3356828926522038,0.11599902018356799
557.0,0.33432774621210326,0.06382065110666327
558.0,0.3327039783980509,0.0003553554175798564
559.0,0.33076525980296156,0.04476563028077468
560.0,0.3280168064540937,0.008664964267769054
561.0,0.3242523429839126,0.04171735253025979
562.0,0.3197844952854895,0.06000359709874014
563.0,0.31468061675651005,0.030139712163984103
564.0,0.30906175627882,0.0003279184277551209
565.0,0.30307295628803604,0.02617635243928154
566.0,0.2972523212551377,0.0703655265972893
567.0,0.2918855248714194,0.07755697027531076
568.0,0.28724858077954357,0.03014392145851102
569.0,0.2835500342699905,0.03394067468730506
570.0,0.280677367705471,0.021276035808838644
571.0,0.2785991957782335,0.06489442172447082
572.0,0.2775687158138971,0.010748398133587125
573.0,0.2776249518922793,0.009914437449300408
574.0,0.2785836447447983,0.09066156655858043
575.0,0.2803716373443204,0.03574278423633748
576.0,0.28276552621836537,0.046884834646521586
577.0,0.2856067565284749,0.004670631049764145
578.0,0.28880547175939775,0.11091678855581916
579.0,0.2922573726070873,0.010679256365837421
580.0,0.29575711859399567,0.04595710928315851
581.0,0.2991952083327257,0.05219531763823829
582.0,0.3024064871186114,0.04563753199143583
583.0,0.30528736292939107,0.02850910987314667
584.0,0.3078042818399874,0.02884785507064837
585.0,0.3099234196836877,0.019445958572348203
586.0,0.31132597334593837,0.04412061360514557
587.0,0.3118884425957032,0.05153714477814472
588.0,0.31201576694437944,0.03346348660979114
589.0,0.311847714305164,0.02227150604536024
590.0,0.3110925189063199,0.019091483495276854
591.0,0.309722668445342,0.07669609236946462
592.0,0.3083572300916512,0.016649116574155253
593.0,0.3072293142200296,0.053252669484068975
594.0,0.30617890095090566,0.037073791969363765
595.0,0.30525000868172136,0.00899369772305942
596.0,0.30454843016080735,0.01566905508713679
597.0,0.3040851237355216,0.0016540746626302818
598.0,0.30401892715460893,0.043590731058077974
599.0,0.3044147787811292,0.01660113273869373
600.0,0.3053852120775595,0.027481789421977217
601.0,0.3069980209423849,0.031762532945924675
602.0,0.3084950841051904,0.0242628907878421
603.0,0.30955202689596145,0.06928327757118916
604.0,0.3103308260529902,0.05083659586046683
605.0,0.31074924993874653,0.01602790180219918
606.0,0.31119048607101835,0.021473367739090088
607.0,0.31186346182211616,0.039288132152918646
608.0,0.312056524282571,0.009533090037142533
609.0,0.3115619475116171,0.07106827189301332
610.0,0.3108905004565174,0.06973022252642797
611.0,0.3101322957914496,0.0003900226187243499
612.0,0.3084675796573744,0.05380088986316252
613.0,0.30564295073170855,0.06091123559562698
614.0,0.30185443665989514,0.05894025380561857
615.0,0.2970667696064736,0.018355695442573188
616.0,0.291694664889714,0.0061174423205767325
617.0,0.28598171855954907,0.03364892445341093
618.0,0.27957641443905545,0.016455870154119753
619.0,0.27245098933084777,0.0019453754587687824
620.0,0.26478273966889965,0.029608685298441906
621.0,0.25659498685648136,0.0848866928993714
622.0,0.24775290543680878,0.012455669189029808
623.0,0.2382359953343795,0.020030915898096927
624.0,0.2291665444969119,0.019806039397093606
625.0,0.22102690757943053,0.07956701860879599
626.0,0.21375395235930914,0.029250831606399314
627.0,0.20752662407821387,0.046966795351114705
628.0,0.20255738064329515,0.024871912169504823
629.0,0.1988899634242647,0.023527163768924872
630.0,0.19622766324035346,0.02453378548655766
631.0,0.19440950739919735,0.004185844924540851
632.0,0.19320980688025047,0.019628543565329913
633.0,0.19243244681348326,0.029259444851780888
634.0,0.19144945141921202,0.05330904900533265
635.0,0.18992627004269685,0.02412362038943318
636.0,0.18805616846624193,0.011305338090617416
637.0,0.1858204678072084,0.06079354975751218
638.0,0.18310193820912693,0.008006204207987219
639.0,0.17991738800182358,0.004915218633883811
640.0,0.17687801008858048,0.02676482250945783
641.0,0.17425716505723557,0.08344425852855827
642.0,0.17241763994784293,0.027580441817479102
643.0,0.17162720857242994,0.007098277636278495
644.0,0.17220168625676005,0.01937729046864199
645.0,0.17431749505961552,0.01623136439437984
646.0,0.17784846913522653,0.027439404478419246
647.0,0.18273398720347972,0.05176403852995142
648.0,0.18833240636650023,0.019214914100707317
649.0,0.1942792924607294,0.07093838718793569
650.0,0.20002927404052756,0.06558616422239501
651.0,0.20519038338981177,0.014678161013271818
652.0,0.2101334525429623,0.030653421791475552
653.0,0.21492940048670153,0.0227453198375111
654.0,0.2195770919874043,0.04375624851924035
655.0,0.22418670775804128,0.06666465087415709
656.0,0.22807906121996066,0.040738843644024025
657.0,0.23098581013353892,0.05264912307420127
658.0,0.23339633047592084,0.06378463549409623
659.0,0.2353975122163637,0.029336811964969418
660.0,0.2373058101306246,0.10084781696601411
661.0,0.23936949224959028,0.010353578537630926
662.0,0.24154267786563524,0.04047180432776537
663.0,0.24388681112828156,0.00030694013352330576
664.0,0.24631884049918176,0.010873179985911252
665.0,0.24877732682945267,0.04740884416720756
666.0,0.25096617057881576,0.06372953398223451
667.0,0.2527261154249961,0.057136234895831334
668.0,0.25368732704233193,0.000537375414917224
669.0,0.25363990788887086,0.016208392385760766
670.0,0.2532342934751926,0.018112018788748425
671.0,0.2527091352640833,0.10382756255536887
672.0,0.25194728715772474,0.040756238699402994
673.0,0.25105548798894994,0.0037171975186091563
674.0,0.2501201485596538,0.04509945527927429
675.0,0.24917042894072153,0.0027415211846526484
676.0,0.2489231666418655,0.022533776480991637
677.0,0.2496832284102573,0.03550351861463213
678.0,0.25135873971346095,0.05075662069175413
679.0,0.2540257223473918,0.09359145182819335
680.0,0.25756823654831196,0.03227183330443104
681.0,0.2618805693846239,0.07358254009451688
682.0,0.26674510302678345,0.03807323567911271
683.0,0.27199620947660047,0.030228326409123027
684.0,0.2779835913867454,0.07903658203170062
685.0,0.28479845740591503,0.06841871393617181
686.0,0.29261958065948457,0.03543923886552418
687.0,0.3015778487049246,0.026802955670361697
688.0,0.3114748808920617,0.05568817989750725
689.0,0.3222348310155226,0.002734187566390654
690.0,0.3336108764718067,0.010777414661447701
691.0,0.3454168618170648,0.004562964231776007
692.0,0.3565027674205979,0.028558976358808132
693.0,0.3662977448357636,0.02632191859025142
694.0,0.37508808695289264,0.014242923443190437
695.0,0.3828001858074457,0.04712843271930699
696.0,0.3893981070195129,0.1215155484790502
697.0,0.3949791015038938,0.005907971709425246
698.0,0.39974833539647286,0.07333731502955436
699.0,0.4038608566665003,0.04966328969300687
700.0,0.40776205176036456,0.009828530987401302
701.0,0.4117057121228522,0.018430331243532196
702.0,0.4145825119655415,0.01594797272015406
703.0,0.41600188496470364,0.06834344205383848
704.0,0.41633311516424865,0.05114956055850183
705.0,0.41553511152817924,0.016186715769182188
706.0,0.4139713728008932,0.055796878873664094
707.0,0.4119007839743064,0.05474169806917456
708.0,0.40933633384552964,0.03579907159910399
709.0,0.40641271136670865,0.04516672622165066
710.0,0.4028703680355659,0.03217828576119079
711.0,0.39860949396464457,0.0057798886187402955
712.0,0.394345644788911,0.05278847660402428
713.0,0.3903374543016648,0.031280806817777
714.0,0.3866514272818579,0.09141405381033448
715.0,0.3834543632477875,0.044319299140093416
716.0,0.3804020825757673,0.11265179248385429
717.0,0.37735033976762994,0.04947398747379408
718.0,0.37458776377006625,0.004710299557904764
719.0,0.372145993524615,0.0027980385129615123
720.0,0.37026990883298805,0.032187690730294954
721.0,0.3691104129090344,0.025971326934962347
722.0,0.368503353607056,0.005567641487535988
723.0,0.36841587146434035,0.02977025495228984
724.0,0.3690614571020876,0.0015275551502485199
725.0,0.3704738941459109,0.10198287938207742
726.0,0.3724219501205938,0.046616497450715326
727.0,0.3748182310372674,0.0599989401584711
728.0,0.3773889285740077,0.007528162238276007
729.0,0.3799543771560643,0.0035808065505695784
730.0,0.38207216016727574,0.006010649448453788
731.0,0.3834886564314373,0.0841823732973704
732.0,0.3843879085881293,0.019095080210140045
733.0,0.3847875580641619,0.052110609762537174
734.0,0.3848640329916025,0.06197852442502593
735.0,0.3847620167121165,0.055043614848796045
736.0,0.3848684553774316,0.016797953266854244
737.0,0.38540783280207624,0.01791811009066055
738.0,0.3862081593510161,0.0154413875636847
739.0,0.38725865722027275,0.038898949105054065
740.0,0.3887079958811922,0.01234400862210845
741.0,0.39056446327166117,0.002737213090929837
742.0,0.3923181937641486,0.059289854241440024
743.0,0.39375281543199675,0.03858730096670641
744.0,0.3947231289690632,0.03193525594867649
745.0,0.3950725281651198,0.028012030903955504
746.0,0.39494086772389,0.0881257671780647
747.0,0.3943789891122554,0.003319429434397137
748.0,0.3931348196361401,0.06543632176042047
749.0,0.3911618502807326,0.03155318715475241
750.0,0.3890905832666025,0.0019090657041372899
751.0,0.387169821454973,0.0308692978562691
752.0,0.3855267000915305,0.018947230719854324
753.0,0.38434010500372656,0.010698020864999517
754.0,0.3836663729625072,0.05853807260746339
755.0,0.38354459757199216,0.0650918189741298
756.0,0.38399021943260325,0.035476121815041964
757.0,0.38498321920956374,0.00017897709923471797
758.0,0.3870986866814941,0.007291526898061385
759.0,0.3905601225535898,0.0020525850593993466
760.0,0.39467226217050594,0.011116144686815188
761.0,0.3992135123039467,0.05662079892404184
762.0,0.4032800822455556,0.06840598992773171
763.0,0.4063210844977339,0.05231140676393804
764.0,0.4087147596367899,0.0768846303019371
765.0,0.4104500723580476,0.0849920625703659
766.0,0.41154913007718774,0.05758608929083282
767.0,0.41214557671478586,0.01414462019490802
768.0,0.4122080571699057,0.006343513253206784
769.0,0.4117789161094844,0.0008772623909080454
770.0,0.41071041508423667,0.030763618351486135
771.0,0.4089429802120543,0.14623275739284158
772.0,0.40661945989075693,0.002752535357458896
773.0,0.4037854118774184,0.02042230952806412
774.0,0.40073296174973616,0.020410869608254504
775.0,0.39763142166323456,0.004415989041507464
776.0,0.3943955878391402,0.03417400689744002
777.0,0.3910573581744032,0.007015603834220484
778.0,0.3886740960636516,0.003506717226421775
779.0,0.38768435562313786,0.027444866428240674
780.0,0.38727829732278873,0.03720711167668993
781.0,0.38727587630221155,0.00390139153758072
782.0,0.38746232097759464,0.029325635933448148
783.0,0.3875550543279776,0.09911344603748667
784.0,0.38677007828669113,0.02686255167737782
785.0,0.3846972371048358,0.005209665124118028
786.0,0.3819295440842222,0.06140455373008994
787.0,0.37861951568677066,0.04459057528212057
788.0,0.37418643543344543,0.04025285753304352
789.0,0.3685430510753678,0.03951303454462673
790.0,0.36212407270328134,0.00844638034537461
791.0,0.35505937472767113,0.0405189614908689
792.0,0.347603071369424,0.015695350922814565
793.0,0.3399637813831713,0.05370953209931646
794.0,0.33217574697678925,0.04351886859360971
795.0,0.324321608200046,0.05224656262255924
796.0,0.3173297947930934,0.06532896016576491
797.0,0.31159516416360106,0.016454062519733758
798.0,0.3072131348244328,0.004836930416079131
799.0,0.3043703922669411,0.08124305510947642
800.0,0.3032685492489522,0.05042623620658158
801.0,0.30395881364428934,0.03812845832176934
802.0,0.3056284475878902,0.03440581301247277
803.0,0.3078815792718101,0.0018762983961583648
804.0,0.3110329407387445,0.009186358287965461
805.0,0.31501658860460835,0.029991279805623286
806.0,0.3196032597077963,0.03247992014421886
807.0,0.3247331296024627,0.09302044050615198
808.0,0.3304449007914672,0.015058092704670414
809.0,0.3367160681311138,0.03939003154614681
810.0,0.3436126275205123,0.016648382181411663
811.0,0.3511513944514206,0.002046679578239278
812.0,0.35863919926635196,0.04695360232111104
813.0,0.3657742636639885,0.06024972517784088
814.0,0.3724274650564626,0.008033573563168977
815.0,0.3784047679967916,0.03320958692191447
816.0,0.38404782206508475,0.057725543425968084
817.0,0.38949775185478563,0.02345508617160648
818.0,0.39366362621920226,0.047554924979125474
819.0,0.39618009417088473,0.01726689179839949
820.0,0.39818323016153795,0.03163076378133986
821.0,0.3999927221692013,0.042057038613405734
822.0,0.40165673823590314,0.16897700639759594
823.0,0.4034346887051596,0.0278969374808893
824.0,0.40530495406511097,0.11392081145300426
825.0,0.4072922638511719,0.0634248282796374
826.0,0.40945790629192297,0.008399363896984351
827.0,0.411788450629966,0.028736350316658832
828.0,0.413817520902425,0.06133782514237619
829.0,0.41534136376295927,0.13497842208151298
830.0,0.41641437523546126,0.062235683232764155
831.0,0.4169781095884802,0.10118857589122168
832.0,0.41754654798150753,0.06195226515538861
833.0,0.4183704790832042,0.06272897157272485
834.0,0.419780404500491,0.08658313780037646
835.0,0.42203700602356614,0.10626656525231737
836.0,0.42583912989084005,0.019639500839041805
837.0,0.43152954032173313,0.035427531267307355
838.0,0.43836193432816606,0.042162083508777204
839.0,0.44607960946084263,0.004262043909961208
840.0,0.45413222716704793,0.08147189009054802
841.0,0.46207726481031935,0.03080613066590039
842.0,0.46957749513155783,0.046194415591686765
843.0,0.4763528651223335,0.10262310330163782
844.0,0.4820418532467044,0.04113950972372269
845.0,0.4864667672644754,0.024735789531433808
846.0,0.4898597456866233,0.04318778973288502
847.0,0.4923149890595898,0.01365456706872034
848.0,0.4941393009256427,0.04068305487083471
849.0,0.4955616956340933,0.018699854954186034
850.0,0.49664542239740994,0.024395548406957294
851.0,0.4975051800933122,0.08284895899704733
852.0,0.4986210213803712,0.0190799615161591
853.0,0.500208226290274,0.06449954983731745
854.0,0.5019728585975163,0.09820417554703526
855.0,0.5038600906605671,0.002901488693623407
856.0,0.5057318771097871,0.007789941224620058
857.0,0.5074574049998146,0.03456660924201894
858.0,0.5088348825097013,0.07008538826559939
859.0,0.5097396086674277,0.01863512179608844
860.0,0.5097028092789617,0.03184737002150131
861.0,0.508504654947539,0.031518745772261415
862.0,0.5059916657964905,0.13129650186676453
863.0,0.5020457354810163,0.0024684582927323585
864.0,0.4967574176952852,0.04916473539499159
865.0,0.4901894283553479,0.050122349519665224
866.0,0.48334829933877377,0.018811967827699963
867.0,0.47674395710530143,0.06534872564979342
868.0,0.47072351953161057,0.06134025282068061
869.0,0.4656481269715499,0.039119111271213806
870.0,0.46193598852360157,0.004399851655042297
871.0,0.45980159370388135,0.006856787145795413
872.0,0.4583854434956942,0.10341771516538197
873.0,0.4573178878536444,0.06568592697641654
874.0,0.45595662965818123,0.027102470055791368
875.0,0.4538104115864081,0.09345292913173157
876.0,0.45095196883742594,0.02114762481913091
877.0,0.447291900827391,0.06214068382840441
878.0,0.44315749152022804,0.1009969030032084
879.0,0.43876497066937825,0.057913710607781776
880.0,0.43446444242130944,0.016699504073241212
881.0,0.4305158931920455,0.007704504027063914
882.0,0.4273248361578732,0.016459743608049252
883.0,0.4251272693629188,0.027156014892074268
884.0,0.423815988321094,0.027744226863719808
885.0,0.4233792819910899,0.04024564920873841
886.0,0.4242744367624473,0.04957310024745961
887.0,0.42662683156714926,0.012134634119909816
888.0,0.42983112860121386,0.021983059266306143
889.0,0.43366209525533733,0.05645822733081678
890.0,0.4376099083032493,0.07769951463212517
891.0,0.44131046628272713,0.0010324591773013024
892.0,0.444167731187097,0.15546590010978817
893.0,0.44581647587599493,0.03057880933298056
894.0,0.4462709100574532,0.032109002621762986
895.0,0.44546973887026153,0.017745741778762005
896.0,0.44385103967326756,0.027935281482624447
897.0,0.44167146256780493,0.06801478954850688
898.0,0.43879718358936687,0.042872965209584696
899.0,0.43530498426637976,0.10934891181165003
900.0,0.43188893292864716,0.10419773211128561
901.0,0.4288381516706593,0.007054762203753215
902.0,0.42659531702031994,0.011038943954214064
903.0,0.4254668176966935,0.017283236110468735
904.0,0.42431822353968707,0.08861002530812279
905.0,0.42271557781278546,0.010523210926556593
906.0,0.4213422807858766,0.004688148697528348
907.0,0.4202444255540649,0.034699477754314235
908.0,0.4184337306389793,0.07219195484346468
909.0,0.4156083541813719,0.07158474650417573
910.0,0.41243079185212855,0.06736554277746695
911.0,0.4090437645106404,0.05859868556024115
912.0,0.40594634995836565,0.005001174446829444
913.0,0.4034917903042897,0.12513987485320965
914.0,0.4015783527471698,0.028003432275501658
915.0,0.40027237632179324,0.08705991226372826
916.0,0.3990684360027874,0.033815938286241985
917.0,0.3976885093308163,0.05821469440517984
918.0,0.39609863458984745,0.005558349090487307
919.0,0.39415764057686664,0.051415814615787286
920.0,0.3919091623153128,0.04911199214009908
921.0,0.38937848316706297,0.07726555735644142
922.0,0.3866522871707606,0.04112901606085895
923.0,0.3838078440025689,0.03220489611650024
924.0,0.3809082249749248,0.003557279670979175
925.0,0.37801012133452766,0.09776260935246028
926.0,0.37519019314360025,0.01505382718707333
927.0,0.3724927632128268,0.10902217734826636
928.0,0.37006591046872567,0.02079834572876106
929.0,0.36797770571661315,0.01043257754180451
930.0,0.3657691739113943,0.001616675198271694
931.0,0.36325906198915325,0.036838666599991514
932.0,0.3606092448946928,0.009691680636163382
933.0,0.3577998966386587,0.0010922098197538698
934.0,0.3554890525459484,0.030994585235933583
935.0,0.35399664372816125,0.061800895233138455
936.0,0.35294423145239884,0.0016260895418147667
937.0,0.3522957344838219,0.009077031650771363
938.0,0.35192015394073267,0.043397527534952886
939.0,0.35166394821955566,0.06199300615109285
940.0,0.3519313736131999,0.13580726179663533
941.0,0.3528419708814585,0.042786874874619324
942.0,0.35322267458780204,0.0014982587934256773
943.0,0.3526410592676694,0.020620489593873473
944.0,0.3520062646917521,0.08503343274956882
945.0,0.3514984625394651,0.05562033510512097
946.0,0.35072716668804055,0.004544282739412439
947.0,0.34970755915315915,0.0075832720716144724
948.0,0.3487119616856774,0.010059205108309655
949.0,0.34781572112730014,0.04390126708131891
950.0,0.34705827076339546,0.007437578597941558
951.0,0.34648895343189584,0.005408018091960409
952.0,0.34645023033176153,0.13493230319011648
953.0,0.34709471007006903,0.03251159226341362
954.0,0.34811594545285,0.0691012006261194
955.0,0.34942614355029317,0.06774599452619746
956.0,0.35075270014636345,0.010412602862199876
957.0,0.3518993977981143,0.05079482409674918
958.0,0.3534061980754232,0.01801491735000469
959.0,0.35544406896071823,0.051573733128570755
960.0,0.3568913829176524,0.0385326117187088
961.0,0.3573734410845153,0.07338596435695241
962.0,0.3573549541374836,0.02470506502674167
963.0,0.3568387486870422,0.02466763921582371
964.0,0.3554167781822879,0.036848473721911267
965.0,0.3530174476424386,0.029694163977028638
966.0,0.34979946852435345,0.0469431770087486
967.0,0.34580673238912724,0.0184903342546694
968.0,0.3421091679071033,0.009887369862431699
969.0,0.3392190093188881,0.10288754156212197
970.0,0.33688634999117095,0.09122315109552848
971.0,0.33521279400842013,0.033109712801783625
972.0,0.33427306879423685,0.04915544983760995
973.0,0.33401762102602367,0.09186545436371962
974.0,0.3336512043251006,0.08513443744847209
975.0,0.33278737194019686,0.0013511495830904495
976.0,0.33144554001293486,0.036271554575194535
977.0,0.3294819260130465,0.02671228129474241
978.0,0.3271759793235248,0.012477333444758511
979.0,0.32467859682403,0.04603704425911828
980.0,0.3222281937301921,0.05509533171457931
981.0,0.3200219378807038,0.07005353879692976
982.0,0.31831423853397184,0.023592351544968006
983.0,0.3172624924023024,0.03882541405171389
984.0,0.3167531487030639,0.01456389312398032
985.0,0.3167553355624012,0.01749146434858473
986.0,0.31738779286432034,0.13564877239471515
987.0,0.31864559184991015,0.01659672715986494
988.0,0.32049538965894236,0.02093769793326584
989.0,0.3229181900228885,0.06547962294583792
990.0,0.32506068029921364,0.059343350643942985
991.0,0.32653504366343655,0.04403384570635957
992.0,0.32764159978770485,0.01709619385960577
993.0,0.3283501703533605,0.019858228877095492
994.0,0.3289788371168838,0.026551686502627504
995.0,0.3297445683818559,0.06351638706031885
996.0,0.33080222218264665,0.06268372976866839
997.0,0.33230878607305836,0.01192293487890648
998.0,0.3340194592707947,0.03569463038858655
999.0,0.3358419110574651,0.034792700295861366
1000.0,0.33749233090794606,0.05365269559736059
1001.0,0.338777457556138,0.05052104942018818
1002.0,0.33941762017233357,0.013601355008136005
1003.0,0.33923517866410074,0.12171249428090591
1004.0,0.33846244023887523,0.009135202212582372
1005.0,0.3371754740677416,0.058901420531142536
1006.0,0.3359517771543622,0.07644712618977041
1007.0,0.33512182295437964,0.014354077047541818
1008.0,0.33387696804228784,0.054966394516700746
1009.0,0.33199136898446274,0.05312033018279405
1010.0,0.3296484281932544,0.04849762130430063
1011.0,0.3267652236191299,0.07714465970435049
1012.0,0.3231439466752748,0.018658716651086947
1013.0,0.31873489462288,0.04762257451061192
1014.0,0.3142198491493778,0.0826129236529774
1015.0,0.3098974916136094,0.032533343546978954
1016.0,0.30558652113755025,0.09469892451415347
1017.0,0.30135082690005666,0.03799222213326006
1018.0,0.2972251515801245,0.07445694682894656
1019.0,0.2931872185243039,0.011823267528326499
1020.0,0.2892942076926586,0.020186677748089823
1021.0,0.28555248914757037,0.01658476463556305
1022.0,0.2822144380575568,0.02056030247202279
1023.0,0.2793939510548079,0.023422072177029955
1024.0,0.2768929525077963,0.07676161017084811
1025.0,0.27466476163401865,0.035335223144269
1026.0,0.2716765478402076,0.011592429276790436
1027.0,0.2674336050246227,0.05620212622660429
1028.0,0.262770508507641,0.07684055194921958
1029.0,0.2578594925608193,0.00917578601529155
1030.0,0.2529419895658736,0.02372188408638028
1031.0,0.24831460781508147,0.017069378928096034
1032.0,0.2439952047330167,0.03358743862870683
1033.0,0.24006679681124948,0.035596263286762284
1034.0,0.23623049293725176,0.012526114233700203
1035.0,0.23232879154171318,0.05278885386257906
1036.0,0.22871416409946402,0.06861648726460393
1037.0,0.22545890229694285,0.017986851633342453
1038.0,0.2226741746499466,0.021474196795425594
1039.0,0.2204667880002666,0.03990705745632028
1040.0,0.21861196466745209,0.008584540054881951
1041.0,0.21702880741362102,0.03928624866081072
1042.0,0.21570231130282597,0.013783007148505536
1043.0,0.21456413976573716,0.06740967732712032
1044.0,0.21330269333652094,0.008483178967032578
1045.0,0.21176882235206318,0.0222011092825851
1046.0,0.21010203633856264,0.041956046605841076
1047.0,0.20830900578665962,0.022567213422725763
1048.0,0.20593245385990555,0.0779331944213662
1049.0,0.20281425092542124,0.01741695760680227
1050.0,0.19952015312270735,0.042611837819360045
1051.0,0.1962321801730329,0.07953993191447034
1052.0,0.19267070500387282,0.015371484542557002
1053.0,0.1888336753733303,0.012403452604348511
1054.0,0.18511532063928177,0.037906167261226524
1055.0,0.18164460334570995,0.02880126898586807
1056.0,0.17795308930760778,0.09315038673440298
1057.0,0.17390032862269206,0.052110961951345486
1058.0,0.16962562507359474,0.08699493548083935
1059.0,0.16510448187945062,0.061112567104440824
1060.0,0.1605190034819903,0.026647132759901326
1061.0,0.15597562957366615,0.027212065191768633
1062.0,0.15102745206149695,0.024713002251134188
1063.0,0.14553271363216322,0.04275570736569606
1064.0,0.13997932876526967,0.0021829176843597433
1065.0,0.1344994353375998,0.028609388967588745
1066.0,0.1290768963417663,0.030535270467731468
1067.0,0.12380005417583287,0.016197884577143433
1068.0,0.11823718543999137,0.03983936686099035
1069.0,0.11220486376532098,0.03326798249479767
1070.0,0.10566902606559701,0.04649578057517732
1071.0,0.09852596595955801,0.025872916239651347
1072.0,0.09141483987112474,0.13503251037086603
1073.0,0.08462131598104349,0.004741694189821931
1074.0,0.07855471680249222,0.026031849012204063
1075.0,0.07353147752029057,0.01702980255259138
1076.0,0.06941934682889962,0.08177579295675326
1077.0,0.06621656329302109,0.05900538368531294
1078.0,0.06403894406573844,0.05044530322424291
1079.0,0.06285577236755885,0.04413412637826082
1080.0,0.0625595232314611,0.04204989110883656
1081.0,0.06307626190169949,0.026898933127032645
1082.0,0.064363404856232,0.04434759614636006
1083.0,0.0663540680597924,0.03479758173709315
1084.0,0.06932868692007677,0.04485346754863822
1085.0,0.07337764391056845,0.05719600705686833
1086.0,0.07757497581115833,0.014188822274823912
1087.0,0.08155348127153197,0.032604156552951145
1088.0,0.08571647409335546,0.07769091899140357
1089.0,0.09004834386560656,0.04704718258866386
1090.0,0.09421882145082298,0.08492168457146948
1091.0,0.09815852806282345,0.012446170566952021
1092.0,0.10186164523333953,0.02467176223302485
1093.0,0.10529088460407403,0.055518942294680976
1094.0,0.10839279272525439,0.0021277799214058455
1095.0,0.11114769019034938,0.013186645945764545
1096.0,0.11352291450999173,0.11658549690309697
1097.0,0.11551101573375402,0.006713650353147054
1098.0,0.11680535637234672,0.05501416022716247
1099.0,0.11728100466494323,0.01765765655330429
1100.0,0.11733746835196976,0.049748491989231765
1101.0,0.11710905124495152,0.062188833367350906
1102.0,0.11729935116567726,0.016273513243258705
1103.0,0.11830782012741946,0.010392191537589685
1104.0,0.11986857503284379,0.030823392399635344
1105.0,0.12199910509778239,0.07426377952350319
1106.0,0.12464364159952784,0.03023820557656705
1107.0,0.12768829889546615,0.08266404007037041
1108.0,0.13076410622565512,0.020922458608525502
1109.0,0.1336613836014346,0.0848175894726701
1110.0,0.1364052744436281,0.011691844434688119
1111.0,0.13893795994665284,0.036140624384373404
1112.0,0.14145539715660616,0.008126747056469647
1113.0,0.1440621036163854,0.02154159276530134
1114.0,0.14656794703515347,0.0004960818663869693
1115.0,0.14894571020921518,0.023500388687088557
1116.0,0.1511160909931655,0.06140757130550703
1117.0,0.15300999372814225,0.13654991150895818
1118.0,0.15487679257374476,0.015553796489588427
1119.0,0.15680612686032022,0.02422705289051377
1120.0,0.1584237245295283,0.012793447704873074
1121.0,0.15962299821686476,0.03817605393091089
1122.0,0.1607090998224078,0.01767317248081354
1123.0,0.16175183058744214,0.04926818892610736
1124.0,0.16304792600407048,0.1001793875869824
1125.0,0.16478553029300105,0.007139987013190351
1126.0,0.1673272520051317,0.017294574129801902
1127.0,0.1708867011656694,0.05613181618206764
1128.0,0.17509469959476015,0.022789401095431597
1129.0,0.1798272530385229,0.038799364730271346
1130.0,0.1854363952410954,0.06710273960407381
1131.0,0.19196416892505166,0.0037610207405967544
1132.0,0.19934214518853804,0.07551521208788721
1133.0,0.2075727409407622,0.004579371305977937
1134.0,0.2158984937335532,0.06394446964583389
1135.0,0.22396089960137966,0.010980930863876264
1136.0,0.23131929574337098,0.010312822503753554
1137.0,0.23762611309908133,0.011658452659455842
1138.0,0.24295323582507805,0.010775845298386972
1139.0,0.24727628290525058,0.02559616365886469
1140.0,0.2511363595083611,0.010080494501513094
1141.0,0.25484073270446145,0.011393427293573666
1142.0,0.2582990753993356,0.03468642089188145
1143.0,0.2616122947086347,0.05866395024002426
1144.0,0.26462803652176764,0.013870387041403781
1145.0,0.26726411396408145,0.08008196036364135
1146.0,0.27020464249362464,0.05453003290180639
1147.0,0.27370142555919225,0.05801495432676677
1148.0,0.27755780990222895,0.05631242281061756
1149.0,0.2818122704458768,0.05012865039852145
1150.0,0.2855018036343966,0.001355267226336515
1151.0,0.28816361665954293,0.012895103423850366
1152.0,0.290297914436632,0.023074394799311018
1153.0,0.2919316756694828,0.007949354075765828
1154.0,0.29326986846618763,0.009200812017764065
1155.0,0.29452808061505,0.034492656540473565
1156.0,0.29580761106993303,0.0006270932202633359
1157.0,0.29722951438956524,0.023127824852634496
1158.0,0.2989447511709327,0.040175656248757755
1159.0,0.30102594334865124,0.010769972410094275
1160.0,0.3033323068333448,0.06834878457311415
1161.0,0.30581106722507045,0.01717124730662616
1162.0,0.307939429408679,0.014607824205753975
1163.0,0.3094479232247236,0.05685398200967409
1164.0,0.3104301118342269,0.09794043525838704
1165.0,0.31083013517059616,0.04291115959463721
1166.0,0.31045099081908695,0.06671390953523208
1167.0,0.3092569058600804,0.007597260828902052
1168.0,0.3072403033926327,0.00645741524438817
1169.0,0.30440300178006907,0.0317859850895194
1170.0,0.3006443354988889,0.056982209975512024
1171.0,0.29594586732934114,0.04031169941567775
1172.0,0.29092856782749743,0.06229590085281983
1173.0,0.2858725015266087,0.045234519482770685
1174.0,0.28093636833472874,0.062127503909443896
1175.0,0.2763216951326621,0.10557696805803857
1176.0,0.2719723437793327,0.02485271837989249
1177.0,0.2678873571560706,0.04366779229281986
1178.0,0.26395079788978554,0.05789257394332129
1179.0,0.2600717430579525,0.05034920140252891
1180.0,0.2563909279956815,0.02484429247810144
1181.0,0.25293262682108286,0.01833074604318964
1182.0,0.25013621413329995,0.032783046143937136
1183.0,0.2482151711733004,0.019375369138969548
1184.0,0.24624827428252485,0.02744380671640048
1185.0,0.24391094495716392,0.004182484342334673
1186.0,0.2417027309778657,0.10124645541848819
1187.0,0.23965095783881443,0.053385745417605414
1188.0,0.2375135360424041,0.018142549855140917
1189.0,0.23527355676772838,0.016231997407395754
1190.0,0.23242719666108524,0.05937725037578197
1191.0,0.22873442930229373,0.013438895189976267
1192.0,0.22394746829504553,0.054263271871325305
1193.0,0.21787348107662433,0.03775283568169521
1194.0,0.2107679283534897,0.020331205700120886
1195.0,0.20273642804635095,0.06047506150597729
1196.0,0.19434991101741633,0.00868297550963212
1197.0,0.18595618315459167,0.017983673217253037
1198.0,0.177944025436725,0.032755999127018175
1199.0,0.17061180223131725,0.0160858944656676
1200.0,0.16369805556093805,0.01938747875993417
1201.0,0.15714142539753545,0.02665753836635476
1202.0,0.15152791080529213,0.02640956994046676
1203.0,0.14701746046035902,0.06042324337634632
1204.0,0.14391549088744013,0.06516446546348115
1205.0,0.14242283449531232,0.03814026246696042
1206.0,0.14231316801535038,0.0053958129598169315
1207.0,0.14350846204602316,0.022279991119338746
1208.0,0.14550927601856178,0.05675068493212158
1209.0,0.14799640449476412,0.007945335346749816
1210.0,0.1512797137251862,0.03207422678636445
1211.0,0.15535789194014363,0.030232361688579453
1212.0,0.16014532604473827,0.048513449260156855
1213.0,0.16565157991958046,0.03781747906477417
1214.0,0.17190952748514604,0.0551119923043785
1215.0,0.17891070022176364,0.0479960889280802
1216.0,0.1860752722930729,0.019123281330228507
1217.0,0.19313251981836457,0.012565229006960372
1218.0,0.19902522538614345,0.09908491592129931
1219.0,0.2031782675564793,0.00854873146932565
1220.0,0.20688736853651424,0.12646137904748678
1221.0,0.2105406077734853,0.0036327683997703615
1222.0,0.21329350792198964,0.04264350757039106
1223.0,0.21508381871187204,0.010839093298697427
1224.0,0.21635214350328077,0.05961675205918199
1225.0,0.2171773839130636,0.03930811482894381
1226.0,0.21852768698213496,0.008824367413688158
1227.0,0.22089290563513922,0.026562208852785842
1228.0,0.22399481090103715,0.031689074156914056
1229.0,0.22789727678533125,0.025465591104306934
1230.0,0.23277169232808093,0.03419969953886128
1231.0,0.23859311132623115,0.028914848434355784
1232.0,0.24442280691325852,0.08022975517364495
1233.0,0.24983002240459268,0.04065964536859165
1234.0,0.25430115598327463,0.035869077671376724
1235.0,0.25743396711550315,0.018904606267408513
1236.0,0.2593809026144497,0.06619111052758996
1237.0,0.26014376241412035,0.025563427115795536
1238.0,0.26041042141679666,0.0005067232148964869
1239.0,0.2605821185989405,0.013876706612025797
1240.0,0.2605379673740139,0.028302658170379552
1241.0,0.2604012415113575,0.05339667633666957
1242.0,0.26004894842284015,0.009091001303744444
1243.0,0.2593970139865795,0.0010524305690996242
1244.0,0.258703677171615,0.013651680334968386
1245.0,0.2580336501083003,0.04686596829332387
1246.0,0.25779465542304797,0.02829238561071183
1247.0,0.25821329207896143,0.14909598497929646
1248.0,0.2585779025408734,0.03656475254957321
1249.0,0.2586549811490058,0.03196369598778986
1250.0,0.2582542425053485,0.01565134799268841
1251.0,0.257147462307163,0.06926455710046939
1252.0,0.25532002603466275,0.08612785156599669
1253.0,0.2527355125834669,0.008894185946551737
1254.0,0.25009903795778654,0.0145889472998058
1255.0,0.24775498008668764,0.12980072632924528
1256.0,0.2457357281482805,0.10358810429992277
1257.0,0.244208009087693,0.02829337822927602
1258.0,0.2439480939031475,0.006747112785300881
1259.0,0.2452808215777779,0.03491694066342618
1260.0,0.24803871314243772,0.0017473317769201514
1261.0,0.25223566825641164,0.056281650257076536
1262.0,0.2574462874999045,0.07385373860082932
1263.0,0.2633927254111114,0.02681814986780394
1264.0,0.27025186281776525,0.012017403082495713
1265.0,0.2779621156581099,0.05883781494309687
1266.0,0.28612416460592455,0.005978745861562409
1267.0,0.29458231615895236,0.01224121814785157
1268.0,0.3028496775395017,0.02623151102693699
1269.0,0.31064058517658377,0.09164249359895649
1270.0,0.3182020370854735,0.06921827866329755
1271.0,0.32555227808563564,0.0005513270338186132
1272.0,0.33227041334455193,0.0026827961156497687
1273.0,0.33824753948822106,0.003216627682103636
1274.0,0.3435250000119706,0.00897997398317833
1275.0,0.3480719456413644,0.04908322064105749
1276.0,0.3524720939288819,0.01588150522038125
1277.0,0.3570039214374613,0.009011823093393607
1278.0,0.361434520811252,0.04926728413055673
1279.0,0.36579453236516535,0.05816579106893943
1280.0,0.3698020056938369,0.0033068796333592903
1281.0,0.3732869632003651,0.007005272856284552
1282.0,0.37620419149835554,0.0568816721264674
1283.0,0.37847149365238325,0.02292875431791841
1284.0,0.38059364643882837,0.08085369912208545
1285.0,0.38280395712609677,0.04311000575728442
1286.0,0.38477911493721717,0.0037325421875795185
1287.0,0.38649693411720043,0.1038531490355315
1288.0,0.38794931758112483,0.04843134112343984
1289.0,0.38907566488407824,0.011975520995153963
1290.0,0.3897820614911113,0.0399882120014267
1291.0,0.39002145440451874,0.03568719728319879
1292.0,0.390020196423479,0.022957653343131757
1293.0,0.3898752356954282,0.053820178847584915
1294.0,0.38948764972600763,0.03843247535907357
1295.0,0.3888705696183912,0.052132081622013465
1296.0,0.38758277796413,0.058329211061963177
1297.0,0.3854258903464362,0.0009547910190784081
1298.0,0.38247278625303904,0.01457270071287726
1299.0,0.37868311505504404,0.037309902164357915
1300.0,0.3740558552790461,0.051323866296630286
1301.0,0.368634564790011,0.05659021149246538
1302.0,0.3632730616820554,0.03206483541152402
1303.0,0.3583792377439568,0.024143004448205187
1304.0,0.3541897389060137,0.02217705543643932
1305.0,0.3509744090274714,0.012486679273328184
1306.0,0.3488245763507638,0.036059264183820106
1307.0,0.3477927932541332,0.04895416860598738
1308.0,0.3474650790186126,0.007372163363101193
1309.0,0.3476144850808163,0.0292474090559549
1310.0,0.34788834683267617,0.019355428700888255
1311.0,0.33947767484715585,0.08497210711845707
1312.0,0.32728953055424126,0.04647026449407851
1313.0,0.3113622517801985,0.02023297250349494
1314.0,0.2923250643235221,0.0019741410382717785
1315.0,0.27116913989397295,0.11328422875937448
1316.0,0.2489570798753153,0.043053186989230274
1317.0,0.22659838954047412,0.026467092173858477
1318.0,0.20476881981181946,0.04617012238347819
1319.0,0.1839311798605287,0.039917381008705635
1320.0,0.16440437204668398,0.019348943322600096
1321.0,0.14634529521254747,0.0006261678844813245
1322.0,0.12983965398368136,0.03009027248752861
1323.0,0.11487033861258293,0.07958683338518119
1324.0,0.10138044075409039,0.03202411090470106
1325.0,0.08927490719582827,0.04244329905972705
1326.0,0.07845510288911571,0.01751078108828173
1327.0,0.06881933879914842,0.09809129183382376
1328.0,0.06027400162550199,0.02304748157529494
1329.0,0.05272386174246495,0.039965377526888834
1330.0,0.04607865289475051,0.06343252149451063
1331.0,0.040236633537988196,0.10363552721303407
1332.0,0.03511162987020919,0.0240674439675629
1333.0,0.03061927558618478,0.11042518045221886
1334.0,0.02668888791077971,0.0066410501964673145
1335.0,0.023254649655320998,0.006097049093518062
1336.0,0.020257215900381254,0.036946049532207426
1337.0,0.017642618924077903,0.06454147452128196
1338.0,0.015362655116749563,0.03314851018980375
1339.0,0.01337270494554811,0.0034484331838116134
1340.0,0.011635711998508595,0.09455839387640329
1341.0,0.010120340206002113,0.0004780305182054302
1342.0,0.008799161479336159,0.11181438309023284
1343.0,0.007648104148112644,0.014602377744943438
1344.0,0.006646165365078254,0.021521879576962995
1345.0,0.005774390367960751,0.03090445785874742
1346.0,0.00501628177118692,0.015831024471281912
1347.0,0.004357407448301957,0.013385207677377811
1348.0,0.003784773896065407,0.0374817588919039
1349.0,0.003286806749253638,0.07976931255081553
1350.0,0.0028538891066537723,0.08060018136525576
1351.0,0.0024774488309342525,0.06280972145171637
1352.0,0.0021502549407020517,0.013291660329537046
1353.0,0.0018658425643294505,0.08266027435722681
1354.0,0.0016185795126197212,0.016251537847655397
1355.0,0.0014034940928551803,0.011401156943560139
1356.0,0.0012161709781231844,0.08972287918494613
1357.0,0.0010530520511327537,0.04931552304537833
1358.0,0.0009110039711370356,0.048275424125397856
1359.0,0.0007874362248886024,0.06366168767071133
1360.0,0.0006800190303678491,0.04147705320565262
1361.0,0.0005867080092345821,0.08723444436190415
1362.0,0.0005056257819136899,0.022738635867346257
1363.0,0.000435148696935113,0.04515534782933249
1364.0,0.00037386335875344004,4.763952059454224e-05
1365.0,0.00032058370845842755,0.005414456514621899
1366.0,0.00027429321827180536,0.0031384876834932513
1367.0,0.0002341140545742629,0.03819056304678864
1368.0,0.0001992713129932907,0.005922141383805647
1369.0,0.00016906388690437506,0.03219983401958442
1370.0,0.00014285391410577493,0.03467031818679338
1371.0,0.00012007488061646354,0.031846897395099404
1372.0,0.00010021074895479551,0.0037888826822804252
1373.0,8.283458542074184e-05,0.016649030264709066
1374.0,6.757334714670324e-05,0.040691189940464514
1375.0,5.415360338353146e-05,0.03294029168682557
1376.0,4.237377641703158e-05,0.0020255006886080403
1377.0,3.2127944258091096e-05,0.03981438547377901
1378.0,2.3379333860260893e-05,0.009584314435620675
1379.0,1.6142974110843124e-05,0.08196004829507489
1380.0,1.044435480074186e-05,0.07784176181605906
1381.0,6.247486319124123e-06,0.013626966924117157
1382.0,3.407257131710543e-06,0.02237827322605604
1383.0,1.668626669586796e-06,0.09304554035599234
1384.0,7.203709005523128e-07,0.01343416358295466
1385.0,2.663802111349867e-07,0.02815302473061987
1386.0,7.842832206405375e-08,0.04090814170993914
1387.0,1.485779304702856e-08,0.03755037526423316
1388.0,0.0,0.02698564029385041
1389.0,0.0,0.005940593577505446
1390.0,0.0,0.07863291601720612
1391.0,0.0,0.05731604484171408
1392.0,0.0,0.007997298795401462
1393.0,0.0,0.07954238552217366
1394.0,0.0,0.05701277860405149
1395.0,0.0,0.0026749312828913507
1396.0,0.0,0.033564113066841705
1397.0,0.0,0.011285562114322125
1398.0,0.0,0.010524536681084745
1399.0,0.0,0.06300447045269537
1400.0,0.0,0.04211950633875163
1401.0,0.0,0.021505724063027313
1402.0,0.0,0.00290238431190352
1403.0,0.0,0.005426370236376609
1404.0,0.0,0.01391780357037472
1405.0,0.0,0.009217943624787447
1406.0,0.0,0.05629826063767837
1407.0,0.0,0.049375567802913245
1408.0,0.0,0.06670345643453326
1409.0,0.0,0.010353955100810979
1410.0,0.0,0.05665064355240112
1411.0,0.0,0.025226683817384396
1412.0,0.0,0.0024654994968877865
1413.0,0.0,0.049558830582424745
1414.0,0.0,0.050808474518902524
1415.0,0.0,0.03072957539596391
1416.0,0.0,0.010861717369643266
1417.0,0.0,0.04457601349654467
1418.0,0.0,0.03931761086493682
1419.0,0.0,0.0752546202074183
1420.0,0.0,0.02304493348133225
1421.0,0.0,0.0457965451363122
1422.0,0.0,0.05231855787963178
1423.0,0.0,0.02420711697696562
1424.0,0.0,0.07311903399210719
1425.0,0.0,0.04749921490275043
1426.0,0.0,0.007285666171294479
1427.0,0.0,0.003664941309249311
1428.0,0.0,0.02497377512050912
1429.0,0.0,0.0005258146506867946
1430.0,0.0,0.04601054864040574
1431.0,0.0,0.0899287027266726
1432.0,0.0,0.09389391722161287
1433.0,0.0,0.006925805371674006
1434.0,0.0,0.009994553518696618
1435.0,0.0,0.03285638860114648
1436.0,0.0,0.06852611365705051
1437.0,0.0,0.001969728230432066
1438.0,0.0,0.030579099475932837
1439.0,0.0,0.005613038807347155
1440.0,0.0,0.08816790252320386
1441.0,0.0,0.057251764232508155
1442.0,0.0,0.0007260465440318923
1443.0,0.0,0.020671932877942563
1444.0,0.0,0.054709588755068574
1445.0,0.0,0.03793523697405721
1446.0,0.0,0.00755693433303114
1447.0,0.0,0.04033720012645948
1448.0,0.0,0.01654347148732172
1449.0,0.0,0.04065075671214628
1450.0,0.0,0.021626149748575116
1451.0,0.0,0.019984066868154342
1452.0,0.0,0.03562155162244732
1453.0,0.0,0.027980139456337906
1454.0,0.0,0.06203831086092966
1455.0,0.0,0.07551806702813293
1456.0,0.0,0.0382695764812018
1457.0,0.0,0.02204980409308928
1458.0,0.0,0.06946525380732453
1459.0,0.0,0.012632057655694244
